{
 "leadlag": {
  "n_events": 308,
  "n_synchronous": 30,
  "n_matches": 67,
  "poly_share_decisive": 0.7337662337662337,
  "poly_share_incl_sync": 0.6686390532544378,
  "naive_wilson_ci": [
   0.6817451673730416,
   0.7800277327146953
  ],
  "cluster_boot_ci": [
   0.6778513290222558,
   0.7862075212393803
  ],
  "icc": 0.05828840320055398,
  "design_effect": 1.2096642562885598,
  "effective_n": 254.6161039303521,
  "per_match_poly_leaning": 48,
  "per_match_total": 56,
  "per_match_sign_p": 4.688184102041859e-08,
  "per_match_wilcoxon_p": 1.009453668271519e-06,
  "median_lead_ms": 600.0,
  "median_lead_ci_ms": [
   600.0,
   800.0
  ],
  "survives_clustering": true
 },
 "infoshare": {
  "n_matches": 51,
  "median_gg": 0.7903,
  "median_ci": [
   0.7402,
   0.8795
  ],
  "mean_gg": 0.8088294117647058,
  "between_match_sd": 0.19691696452476373,
  "matches_poly_gt_50": 50,
  "matches_kalshi": 1,
  "sign_p": 4.618527782440651e-14,
  "wilcoxon_p": 6.528366037592495e-10
 },
 "n_bootstrap": 10000,
 "seed": 20260702
}