{
 "leadlag": {
  "n_events": 392,
  "n_synchronous": 35,
  "n_matches": 79,
  "poly_share_decisive": 0.7168367346938775,
  "poly_share_incl_sync": 0.65807962529274,
  "naive_wilson_ci": [
   0.6702987536665903,
   0.7591659615124104
  ],
  "cluster_boot_ci": [
   0.6674277907884465,
   0.7640456969003223
  ],
  "icc": 0.032050135855924075,
  "design_effect": 1.1269834496570157,
  "effective_n": 347.8311949650198,
  "per_match_poly_leaning": 57,
  "per_match_total": 66,
  "per_match_sign_p": 1.1827848105236058e-09,
  "per_match_wilcoxon_p": 7.236378292856347e-08,
  "median_lead_ms": 600.0,
  "median_lead_ci_ms": [
   600.0,
   800.0
  ],
  "survives_clustering": true
 },
 "infoshare": {
  "n_matches": 63,
  "median_gg": 0.8096,
  "median_ci": [
   0.7697,
   0.8718
  ],
  "mean_gg": 0.815011111111111,
  "between_match_sd": 0.1880491211660564,
  "matches_poly_gt_50": 61,
  "matches_kalshi": 2,
  "sign_p": 4.373671563806525e-16,
  "wilcoxon_p": 7.234227350815628e-12
 },
 "n_bootstrap": 10000,
 "seed": 20260702
}