{
  "match": "Argentina vs Algeria",
  "capture": "20260617T003453Z-argentina-vs-algeria",
  "n_pairs": 2,
  "bin_ms": 1000,
  "lags_s": [
    -3,
    -2,
    -1,
    0,
    1,
    2,
    3
  ],
  "impact": {
    "kalshi": {
      "corr": 0.0649,
      "r2": 0.0042,
      "tstat": 7.37,
      "n": 12827
    },
    "poly": {
      "corr": 0.0704,
      "r2": 0.005,
      "tstat": 8.61,
      "n": 14888
    }
  },
  "impact_suff": {
    "kalshi": {
      "n": 12827,
      "Sx": -0.009319708493432444,
      "Sy": 3.376202582772322,
      "Sxx": 12828.999814445579,
      "Sxy": 433.50330257471865,
      "Syy": 3474.723210448298
    },
    "poly": {
      "n": 14888,
      "Sx": -0.8055222633353232,
      "Sy": 0.3401155169118102,
      "Sxx": 14889.3170662058,
      "Sxy": 1052.6958725079035,
      "Syy": 15019.986758231084
    }
  },
  "cross_suff": {
    "poly_to_kalshi@-3": {
      "n": 14882,
      "Sx": -3.079845813594517,
      "Sy": -6.2281608107102215,
      "Sxx": 14884.65058856098,
      "Sxy": -10.584393137214255,
      "Syy": 3474.815343198564
    },
    "poly_to_kalshi@-2": {
      "n": 14884,
      "Sx": -0.9596795907945221,
      "Sy": -7.7007225960103085,
      "Sxx": 14889.227327755732,
      "Sxy": 6.896623429788272,
      "Syy": 3472.6545817035512
    },
    "poly_to_kalshi@-1": {
      "n": 14886,
      "Sx": -0.8118313707414266,
      "Sy": -6.23856954825996,
      "Sxx": 14889.269095928383,
      "Sxy": 83.00114636134582,
      "Syy": 3474.8154794095726
    },
    "poly_to_kalshi@0": {
      "n": 14888,
      "Sx": -0.8055222633353232,
      "Sy": 0.3121493859339495,
      "Sxx": 14889.3170662058,
      "Sxy": -150.8475913147774,
      "Syy": 15019.995668136185
    },
    "poly_to_kalshi@1": {
      "n": 14888,
      "Sx": 2.363562395153604,
      "Sy": 0.3121493859339495,
      "Sxx": 14881.21726587181,
      "Sxy": 337.526597149309,
      "Syy": 15019.995668136185
    },
    "poly_to_kalshi@2": {
      "n": 14886,
      "Sx": 2.608148409168276,
      "Sy": 0.31735375470880456,
      "Sxx": 14881.146730552726,
      "Sxy": 62.09835623767076,
      "Syy": 15019.995600030681
    },
    "poly_to_kalshi@3": {
      "n": 14884,
      "Sx": 2.6135698458588337,
      "Sy": 0.32255812348368096,
      "Sxx": 14881.145778357175,
      "Sxy": 64.36655530740154,
      "Syy": 15019.995531925175
    },
    "kalshi_to_poly@-3": {
      "n": 12821,
      "Sx": -0.11452705043139133,
      "Sy": -46.813892150830924,
      "Sxx": 12828.982782343752,
      "Sxy": -22.404076442277823,
      "Syy": 13947.522238872574
    },
    "kalshi_to_poly@-2": {
      "n": 12823,
      "Sx": -0.1500072455041277,
      "Sy": 12.072147877271137,
      "Sxx": 12828.9834737657,
      "Sxy": 38.63905522919028,
      "Syy": 13209.494873406118
    },
    "kalshi_to_poly@-1": {
      "n": 12825,
      "Sx": -0.11316141181924522,
      "Sy": -45.29220532961448,
      "Sxx": 12828.985974326679,
      "Sxy": 94.89316164583856,
      "Syy": 9965.564685382427
    },
    "kalshi_to_poly@0": {
      "n": 12827,
      "Sx": -0.009319708493432444,
      "Sy": 44.959547640047596,
      "Sxx": 12828.999814445579,
      "Sxy": 199.1979796460049,
      "Syy": 9776.367583375046
    },
    "kalshi_to_poly@1": {
      "n": 12829,
      "Sx": -5.684341886080802e-14,
      "Sy": -44.4465294791037,
      "Sxx": 12828.999999999998,
      "Sxy": 622.3903172451735,
      "Syy": 12785.76467884342
    },
    "kalshi_to_poly@2": {
      "n": 12827,
      "Sx": -0.6153783718981032,
      "Sy": -100.86960643124755,
      "Sxx": 12828.59267092332,
      "Sxy": 334.260863342959,
      "Syy": 9695.3045305703
    },
    "kalshi_to_poly@3": {
      "n": 12826,
      "Sx": -0.5974221954980834,
      "Sy": 56.28427761417597,
      "Sxx": 12828.59234849905,
      "Sxy": 109.49109869145116,
      "Syy": 11183.758244599165
    }
  },
  "microprice_leadlag": {
    "mid": {
      "median_lag_ms": 600,
      "median_abs_corr": 0.251,
      "n": 2
    },
    "micro": {
      "median_lag_ms": 600,
      "median_abs_corr": 0.319,
      "n": 2
    }
  }
}