{
  "match": "Austria vs Jordan",
  "capture": "20260617T032721Z-austria-vs-jordan",
  "n_pairs": 2,
  "bin_ms": 1000,
  "lags_s": [
    -3,
    -2,
    -1,
    0,
    1,
    2,
    3
  ],
  "impact": {
    "kalshi": {
      "corr": 0.0423,
      "r2": 0.0018,
      "tstat": 5.65,
      "n": 17780
    },
    "poly": {
      "corr": 0.0876,
      "r2": 0.0077,
      "tstat": 12.04,
      "n": 18758
    }
  },
  "impact_suff": {
    "kalshi": {
      "n": 17780,
      "Sx": 9.592326932761353e-14,
      "Sy": -87.54678582483804,
      "Sxx": 17780.0,
      "Sxy": 581.52083008255,
      "Syy": 10611.94497733304
    },
    "poly": {
      "n": 18758,
      "Sx": -1.7811694147373096,
      "Sy": -0.06127723784829264,
      "Sxx": 18757.900621345325,
      "Sxy": 1646.6791664696368,
      "Syy": 18842.99767630915
    }
  },
  "cross_suff": {
    "poly_to_kalshi@-3": {
      "n": 18753,
      "Sx": -0.03382639881258598,
      "Sy": -35.86442455278859,
      "Sxx": 18760.995022962823,
      "Sxy": -118.53543679311873,
      "Syy": 7492.260568349957
    },
    "poly_to_kalshi@-2": {
      "n": 18755,
      "Sx": -0.06308043213020298,
      "Sy": -35.869771731115236,
      "Sxx": 18760.996349287405,
      "Sxy": 136.4030734410902,
      "Syy": 7492.260634659545
    },
    "poly_to_kalshi@-1": {
      "n": 18757,
      "Sx": -0.008235709410147507,
      "Sy": -34.7469284733681,
      "Sxx": 18760.9979249349,
      "Sxy": 64.65634549289913,
      "Syy": 7490.993361489307
    },
    "poly_to_kalshi@0": {
      "n": 18759,
      "Sx": -0.020794810757482907,
      "Sy": -0.938069189537277,
      "Sxx": 18760.99954009166,
      "Sxy": -4198.634680594915,
      "Syy": 18851.718922835764
    },
    "poly_to_kalshi@1": {
      "n": 18759,
      "Sx": 49.368527709229284,
      "Sy": -0.938069189537277,
      "Sxx": 16322.843936618054,
      "Sxy": 391.95572856114615,
      "Syy": 18851.718922835764
    },
    "poly_to_kalshi@2": {
      "n": 18757,
      "Sx": 49.25009419764599,
      "Sy": -0.9327220112106112,
      "Sxx": 16322.83509353385,
      "Sxy": 102.9219850326275,
      "Syy": 18851.718856526175
    },
    "poly_to_kalshi@3": {
      "n": 18755,
      "Sx": 49.23297925100161,
      "Sy": -0.9273748328839773,
      "Sxx": 16322.834615365944,
      "Sxy": 48.6629728931047,
      "Syy": 18851.71879021659
    },
    "kalshi_to_poly@-3": {
      "n": 17765,
      "Sx": -9.37654302380631,
      "Sy": -6.02991470902068,
      "Sxx": 17759.293253924312,
      "Sxy": 87.54927149212935,
      "Syy": 18815.40528133988
    },
    "kalshi_to_poly@-2": {
      "n": 17766,
      "Sx": -9.465873518256721,
      "Sy": 21.870454222535113,
      "Sxx": 17759.282708819723,
      "Sxy": 63.86830160945479,
      "Syy": 17230.8362327609
    },
    "kalshi_to_poly@-1": {
      "n": 17768,
      "Sx": -9.44720470031886,
      "Sy": 4.175269130214788,
      "Sxx": 17759.283116453462,
      "Sxy": 569.5122196729535,
      "Syy": 18774.99874619461
    },
    "kalshi_to_poly@0": {
      "n": 17770,
      "Sx": -8.315910683913128,
      "Sy": -0.22617685040679092,
      "Sxx": 17760.627110932535,
      "Sxy": 565.9053314109881,
      "Syy": 18757.221045631784
    },
    "kalshi_to_poly@1": {
      "n": 17769,
      "Sx": -7.975948740516198,
      "Sy": -0.2686084317510602,
      "Sxx": 17760.738617196417,
      "Sxy": 142.89315029567587,
      "Syy": 18799.557908195242
    },
    "kalshi_to_poly@2": {
      "n": 17767,
      "Sx": -5.795577056059461,
      "Sy": -6.065157396391925,
      "Sxx": 17765.691215167277,
      "Sxy": 580.7642424498246,
      "Syy": 18790.99079087722
    },
    "kalshi_to_poly@3": {
      "n": 17766,
      "Sx": -2.56236217272566,
      "Sy": -3.6602796915197295,
      "Sxx": 17777.690112849872,
      "Sxy": 258.49705577315405,
      "Syy": 18758.540628130235
    }
  },
  "microprice_leadlag": {
    "mid": {
      "median_lag_ms": 200,
      "median_abs_corr": 0.278,
      "n": 2
    },
    "micro": {
      "median_lag_ms": 0,
      "median_abs_corr": 0.309,
      "n": 2
    }
  }
}