{
  "match": "Belgium vs Egypt",
  "capture": "20260615T182907Z-belgium-vs-egypt",
  "n_pairs": 2,
  "bin_ms": 1000,
  "lags_s": [
    -3,
    -2,
    -1,
    0,
    1,
    2,
    3
  ],
  "impact": {
    "kalshi": {
      "corr": 0.0845,
      "r2": 0.0071,
      "tstat": 10.62,
      "n": 15698
    },
    "poly": {
      "corr": 0.0853,
      "r2": 0.0073,
      "tstat": 11.33,
      "n": 17511
    }
  },
  "impact_suff": {
    "kalshi": {
      "n": 15698,
      "Sx": -4.973799150320701e-14,
      "Sy": 4.049843696937742,
      "Sxx": 15697.999999999998,
      "Sxy": 1412.264692906766,
      "Syy": 17793.954136455653
    },
    "poly": {
      "n": 17511,
      "Sx": 0.05053087843895554,
      "Sy": -1.366291732441299,
      "Sxx": 17512.99783828431,
      "Sxy": 1506.6611944916722,
      "Syy": 17793.988071303414
    }
  },
  "cross_suff": {
    "poly_to_kalshi@-3": {
      "n": 17506,
      "Sx": 2.351256442501324,
      "Sy": -143.60217784070812,
      "Sxx": 17506.561905324546,
      "Sxy": 1.008793071013578,
      "Syy": 6716.68039886615
    },
    "poly_to_kalshi@-2": {
      "n": 17508,
      "Sx": -0.11307612998477623,
      "Sy": -144.32176910115305,
      "Sxx": 17512.97152665114,
      "Sxy": 41.887468234280234,
      "Syy": 6718.228460569371
    },
    "poly_to_kalshi@-1": {
      "n": 17509,
      "Sx": -0.12483845204766908,
      "Sy": -146.46824020155847,
      "Sxx": 17512.97166500336,
      "Sxy": 66.85972369657665,
      "Syy": 6717.51749083926
    },
    "poly_to_kalshi@0": {
      "n": 17511,
      "Sx": 0.05053087843895554,
      "Sy": 0.22934700858700197,
      "Sxx": 17512.99783828431,
      "Sxy": 189.8594152001357,
      "Syy": 17783.144590638858
    },
    "poly_to_kalshi@1": {
      "n": 17511,
      "Sx": 0.08000844728462653,
      "Sy": -1.4069654534541876,
      "Sxx": 17512.995055529784,
      "Sxy": 577.2492940131978,
      "Syy": 17785.81338265289
    },
    "poly_to_kalshi@2": {
      "n": 17509,
      "Sx": 0.2897841062858362,
      "Sy": 1.4617634089358198,
      "Sxx": 17512.966318601524,
      "Sxy": 658.7754587123769,
      "Syy": 17793.990837298556
    },
    "poly_to_kalshi@3": {
      "n": 17507,
      "Sx": 0.4484130163185682,
      "Sy": 3.715890101049725,
      "Sxx": 17512.94849826111,
      "Sxy": 106.68076190215709,
      "Syy": 17791.256137489414
    },
    "kalshi_to_poly@-3": {
      "n": 15694,
      "Sx": -0.08436312506707466,
      "Sy": 7.804502734282622,
      "Sxx": 15697.995445252334,
      "Sxy": 1.0393301042201628,
      "Syy": 16825.154248374263
    },
    "kalshi_to_poly@-2": {
      "n": 15696,
      "Sx": -0.05155700225893689,
      "Sy": 23.508361377315097,
      "Sxx": 15697.997019242935,
      "Sxy": 209.38461714236684,
      "Syy": 16796.632193937534
    },
    "kalshi_to_poly@-1": {
      "n": 15696,
      "Sx": -0.05155700225893689,
      "Sy": 19.693384673038935,
      "Sxx": 15697.997019242935,
      "Sxy": 457.95641566499665,
      "Syy": 17097.517708612315
    },
    "kalshi_to_poly@0": {
      "n": 15698,
      "Sx": -4.973799150320701e-14,
      "Sy": -31.328188671912084,
      "Sxx": 15697.999999999998,
      "Sxy": 954.4652977509013,
      "Syy": 17095.915313548267
    },
    "kalshi_to_poly@1": {
      "n": 15696,
      "Sx": 0.22288442053983637,
      "Sy": 36.85979593429468,
      "Sxx": 15697.960711256346,
      "Sxy": 614.401208090507,
      "Syy": 16397.70437824492
    },
    "kalshi_to_poly@2": {
      "n": 15695,
      "Sx": 0.25160230668635997,
      "Sy": 5.107384589485555,
      "Sxx": 15697.959886539362,
      "Sxy": 356.068807983289,
      "Syy": 17054.52501913414
    },
    "kalshi_to_poly@3": {
      "n": 15693,
      "Sx": -0.020970842603501794,
      "Sy": -24.91057189381103,
      "Sxx": 15697.898667866255,
      "Sxy": 501.9302210569065,
      "Syy": 17111.60782715028
    }
  },
  "microprice_leadlag": {
    "mid": {
      "median_lag_ms": 400,
      "median_abs_corr": 0.553,
      "n": 2
    },
    "micro": {
      "median_lag_ms": 400,
      "median_abs_corr": 0.435,
      "n": 2
    }
  }
}