{
  "match": "Brazil vs Morocco",
  "capture": "20260613T212808Z-brazil-vs-morocco",
  "n_pairs": 2,
  "bin_ms": 1000,
  "lags_s": [
    -3,
    -2,
    -1,
    0,
    1,
    2,
    3
  ],
  "impact": {
    "kalshi": {
      "corr": 0.0845,
      "r2": 0.0071,
      "tstat": 11.64,
      "n": 18831
    },
    "poly": {
      "corr": 0.0781,
      "r2": 0.0061,
      "tstat": 10.75,
      "n": 18828
    }
  },
  "impact_suff": {
    "kalshi": {
      "n": 18831,
      "Sx": -0.06286887975048217,
      "Sy": 3.907985046680551e-14,
      "Sxx": 18832.99792089402,
      "Sxy": 1591.368268940104,
      "Syy": 18831.0
    },
    "poly": {
      "n": 18828,
      "Sx": -0.019989954202273452,
      "Sy": -2.842170943040401e-14,
      "Sxx": 18832.999878362003,
      "Sxy": 1471.451456187574,
      "Syy": 18828.0
    }
  },
  "cross_suff": {
    "poly_to_kalshi@-3": {
      "n": 18825,
      "Sx": -0.12854151688952697,
      "Sy": -164.29350405842797,
      "Sxx": 18832.993768652555,
      "Sxy": 9.355669105233016,
      "Syy": 5328.226472266629
    },
    "poly_to_kalshi@-2": {
      "n": 18827,
      "Sx": -0.11204159089683685,
      "Sy": -164.29749144874637,
      "Sxx": 18832.993963663313,
      "Sxy": -13.52159443746275,
      "Syy": 5328.226508143424
    },
    "poly_to_kalshi@-1": {
      "n": 18829,
      "Sx": -0.03547337836133835,
      "Sy": -164.30147883906477,
      "Sxx": 18832.99946089393,
      "Sxy": -13.966976987481221,
      "Syy": 5328.226544020219
    },
    "poly_to_kalshi@0": {
      "n": 18831,
      "Sx": -0.012234338047377946,
      "Sy": 3.907985046680551e-14,
      "Sxx": 18832.99989849724,
      "Sxy": 148.3925308353979,
      "Syy": 18831.0
    },
    "poly_to_kalshi@1": {
      "n": 18831,
      "Sx": 0.0502822731542949,
      "Sy": 3.907985046680551e-14,
      "Sxx": 18832.99734772227,
      "Sxy": 375.26165949186077,
      "Syy": 18831.0
    },
    "poly_to_kalshi@2": {
      "n": 18829,
      "Sx": 0.43819112181754605,
      "Sy": 0.003987390318410888,
      "Sxx": 18832.858668195644,
      "Sxy": 239.69541341446381,
      "Syy": 18830.999964123203
    },
    "poly_to_kalshi@3": {
      "n": 18827,
      "Sx": 0.4701016292662601,
      "Sy": 0.007974780636855527,
      "Sxx": 18832.857238076547,
      "Sxy": -68.53450778691624,
      "Syy": 18830.99992824641
    },
    "kalshi_to_poly@-3": {
      "n": 18822,
      "Sx": -0.38558770305675694,
      "Sy": -0.07188915540605478,
      "Sxx": 18832.96484024579,
      "Sxy": 233.31218958032593,
      "Syy": 18827.99880528403
    },
    "kalshi_to_poly@-2": {
      "n": 18824,
      "Sx": -0.2778505219272205,
      "Sy": -0.04792610360404126,
      "Sxx": 18832.970875382995,
      "Sxy": 426.203936692301,
      "Syy": 18827.99920352269
    },
    "kalshi_to_poly@-1": {
      "n": 18826,
      "Sx": -0.21038003998020827,
      "Sy": -0.023963051802041946,
      "Sxx": 18832.973294246032,
      "Sxy": 758.4008209181811,
      "Syy": 18827.999601761345
    },
    "kalshi_to_poly@0": {
      "n": 18828,
      "Sx": -0.2419922825195755,
      "Sy": -2.842170943040401e-14,
      "Sxx": 18832.980903953816,
      "Sxy": 699.4105752230118,
      "Syy": 18828.0
    },
    "kalshi_to_poly@1": {
      "n": 18828,
      "Sx": -0.16472219353657636,
      "Sy": -2.842170943040401e-14,
      "Sxx": 18832.993894156716,
      "Sxy": 683.4808897110962,
      "Syy": 18828.0
    },
    "kalshi_to_poly@2": {
      "n": 18827,
      "Sx": -0.196346795221217,
      "Sy": -0.019435542638596814,
      "Sxx": 18832.992742417613,
      "Sxy": 587.6678858577914,
      "Syy": 18827.999622259682
    },
    "kalshi_to_poly@3": {
      "n": 18826,
      "Sx": -0.18975048281610896,
      "Sy": -0.03887108527725047,
      "Sxx": 18832.992608698427,
      "Sxy": 467.49237400360914,
      "Syy": 18827.999244519364
    }
  },
  "microprice_leadlag": {
    "mid": {
      "median_lag_ms": 200,
      "median_abs_corr": 0.282,
      "n": 2
    },
    "micro": {
      "median_lag_ms": 0,
      "median_abs_corr": 0.321,
      "n": 2
    }
  }
}