{
  "match": "Brazil vs Haiti",
  "capture": "20260619T235702Z-brazil-vs-haiti",
  "n_pairs": 2,
  "bin_ms": 1000,
  "lags_s": [
    -3,
    -2,
    -1,
    0,
    1,
    2,
    3
  ],
  "impact": {
    "kalshi": {
      "corr": 0.1527,
      "r2": 0.0233,
      "tstat": 15.79,
      "n": 10442
    },
    "poly": {
      "corr": 0.0842,
      "r2": 0.0071,
      "tstat": 8.5,
      "n": 10103
    }
  },
  "impact_suff": {
    "kalshi": {
      "n": 10442,
      "Sx": -0.01377645788509696,
      "Sy": 9.74985287415764,
      "Sxx": 10443.998935068492,
      "Sxy": 298.11754770002,
      "Syy": 364.73250501298924
    },
    "poly": {
      "n": 10103,
      "Sx": -0.013812672427640393,
      "Sy": -0.30205996556083115,
      "Sxx": 10105.99897897145,
      "Sxy": 907.4559772475305,
      "Syy": 11480.8017565629
    }
  },
  "cross_suff": {
    "poly_to_kalshi@-3": {
      "n": 10100,
      "Sx": -0.026197237010642027,
      "Sy": 10.0488093551945,
      "Sxx": 10105.993577568192,
      "Sxy": -8.063471245196647,
      "Syy": 364.6898119924043
    },
    "poly_to_kalshi@-2": {
      "n": 10101,
      "Sx": -0.018841213028657933,
      "Sy": 8.638459972679605,
      "Sxx": 10105.993631679281,
      "Sxy": 14.888836190689112,
      "Syy": 362.71069261754303
    },
    "poly_to_kalshi@-1": {
      "n": 10102,
      "Sx": -0.04551527325309479,
      "Sy": 12.343679827904701,
      "Sxx": 10105.99434318477,
      "Sxy": 20.865184576332073,
      "Syy": 361.6747434350316
    },
    "poly_to_kalshi@0": {
      "n": 10104,
      "Sx": 0.0005378945717851025,
      "Sy": 1.695134866726292,
      "Sxx": 10105.999184910223,
      "Sxy": -3295.045111860263,
      "Syy": 11482.826166878549
    },
    "poly_to_kalshi@1": {
      "n": 10104,
      "Sx": 44.39725302562463,
      "Sy": 2.4050333431984825,
      "Sxx": 7977.234369309576,
      "Sxy": 7.735650136415252,
      "Syy": 11482.303903653581
    },
    "poly_to_kalshi@2": {
      "n": 10102,
      "Sx": 44.716924111595425,
      "Sy": 1.6985816598414871,
      "Sxx": 7977.144420578879,
      "Sxy": -30.64600721290426,
      "Syy": 11482.825911357351
    },
    "poly_to_kalshi@3": {
      "n": 10100,
      "Sx": 44.71746200616726,
      "Sy": 82.62707579176688,
      "Sxx": 7977.143605489104,
      "Sxy": 7.27626996839722,
      "Syy": 5299.133312927588
    },
    "kalshi_to_poly@-3": {
      "n": 10434,
      "Sx": -0.16622881745763252,
      "Sy": -26.573126633617182,
      "Sxx": 10443.978942095113,
      "Sxy": 170.1820770585564,
      "Syy": 10718.353843109446
    },
    "kalshi_to_poly@-2": {
      "n": 10436,
      "Sx": -0.12392034675245611,
      "Sy": -25.346043147834756,
      "Sxx": 10443.980530777932,
      "Sxy": -1.7079898640029896,
      "Syy": 10392.200785012075
    },
    "kalshi_to_poly@-1": {
      "n": 10438,
      "Sx": -0.0960818085416868,
      "Sy": -42.44672611628596,
      "Sxx": 10443.992296638324,
      "Sxy": 65.30618227683789,
      "Syy": 9725.658506915233
    },
    "kalshi_to_poly@0": {
      "n": 10440,
      "Sx": -0.10170579769159005,
      "Sy": 34.14576937015932,
      "Sxx": 10443.992632006099,
      "Sxy": 349.8280049381012,
      "Syy": 11085.026567805759
    },
    "kalshi_to_poly@1": {
      "n": 10443,
      "Sx": -0.00905565965223687,
      "Sy": -28.806864666909213,
      "Sxx": 10443.99991799503,
      "Sxy": 144.04727302578414,
      "Syy": 10655.18402608041
    },
    "kalshi_to_poly@2": {
      "n": 10441,
      "Sx": 0.003977921525237349,
      "Sy": 2.715549077843974,
      "Sxx": 10443.999522079414,
      "Sxy": 258.41173492170134,
      "Syy": 10963.281020887898
    },
    "kalshi_to_poly@3": {
      "n": 10438,
      "Sx": 0.006697562938853707,
      "Sy": -34.208849266326716,
      "Sxx": 10443.9987702344,
      "Sxy": 372.26327783259677,
      "Syy": 11198.066212176152
    }
  },
  "microprice_leadlag": {
    "mid": {
      "median_lag_ms": 1000,
      "median_abs_corr": 0.182,
      "n": 2
    },
    "micro": {
      "median_lag_ms": 200,
      "median_abs_corr": 0.231,
      "n": 2
    }
  }
}