{
  "match": "Brazil vs Morocco",
  "capture": "20260613T212808Z-brazil-vs-morocco",
  "n_pairs": 2,
  "bin_ms": 1000,
  "lags_s": [
    -3,
    -2,
    -1,
    0,
    1,
    2,
    3
  ],
  "impact": {
    "kalshi": {
      "corr": 0.0845,
      "r2": 0.0071,
      "tstat": 11.63,
      "n": 18811
    },
    "poly": {
      "corr": 0.0782,
      "r2": 0.0061,
      "tstat": 10.58,
      "n": 18157
    }
  },
  "impact_suff": {
    "kalshi": {
      "n": 18811,
      "Sx": -7.105427357601002e-14,
      "Sy": 0.11460964401534923,
      "Sxx": 18810.999999999996,
      "Sxy": 1590.3888718312392,
      "Syy": 18830.999343231473
    },
    "poly": {
      "n": 18157,
      "Sx": -0.012933206271668496,
      "Sy": -5.497784172046352,
      "Sxx": 18158.999890687945,
      "Sxy": 1446.7996711607002,
      "Syy": 18827.92730068794
    }
  },
  "cross_suff": {
    "poly_to_kalshi@-3": {
      "n": 18154,
      "Sx": -0.12163164632771384,
      "Sy": -161.61460716966792,
      "Sxx": 18158.99380856384,
      "Sxy": 8.58286965033384,
      "Syy": 5322.493773390748
    },
    "poly_to_kalshi@-2": {
      "n": 18156,
      "Sx": -0.10482508853858263,
      "Sy": -162.4488091889802,
      "Sxx": 18158.994010731316,
      "Sxy": -13.140078143450763,
      "Syy": 5319.057042676875
    },
    "poly_to_kalshi@-1": {
      "n": 18157,
      "Sx": -0.03100742484338781,
      "Sy": -159.95642221011622,
      "Sxx": 18158.99945977879,
      "Sxy": -13.462110643644174,
      "Syy": 5319.717756864515
    },
    "poly_to_kalshi@0": {
      "n": 18158,
      "Sx": -0.010049768386622304,
      "Sy": 7.7385286828892035,
      "Sxx": 18158.999899002156,
      "Sxy": 145.69806199873113,
      "Syy": 18822.251589104933
    },
    "poly_to_kalshi@1": {
      "n": 18157,
      "Sx": 0.04837793845686633,
      "Sy": 2.5623222238336005,
      "Sxx": 18158.997503705024,
      "Sxy": 367.5917680846685,
      "Syy": 18825.217098911315
    },
    "poly_to_kalshi@2": {
      "n": 18155,
      "Sx": 0.425449395426412,
      "Sy": 6.087817297420635,
      "Sxx": 18158.866420510312,
      "Sxy": 235.48259959845922,
      "Syy": 18825.02757583111
    },
    "poly_to_kalshi@3": {
      "n": 18153,
      "Sx": 0.4566772275293687,
      "Sy": 6.024921631974609,
      "Sxx": 18158.86504217117,
      "Sxy": -68.67842201824672,
      "Syy": 18825.229070614012
    },
    "kalshi_to_poly@-3": {
      "n": 18802,
      "Sx": -0.32285625098688797,
      "Sy": -0.16243933867379212,
      "Sxx": 18810.96695648091,
      "Sxy": 233.20624197898417,
      "Syy": 18827.99839531725
    },
    "kalshi_to_poly@-2": {
      "n": 18804,
      "Sx": -0.21511229620621464,
      "Sy": -0.1384762868717857,
      "Sxx": 18810.972992231167,
      "Sxy": 425.96593834835176,
      "Syy": 18827.998793555904
    },
    "kalshi_to_poly@-1": {
      "n": 18806,
      "Sx": -0.14761398074575993,
      "Sy": -0.11451323506977218,
      "Sxx": 18810.975412565538,
      "Sxy": 757.827389718258,
      "Syy": 18827.99919179456
    },
    "kalshi_to_poly@0": {
      "n": 18808,
      "Sx": -0.1790861913298727,
      "Sy": -0.09055018326777287,
      "Sxx": 18810.983001591005,
      "Sxy": 699.0336450417503,
      "Syy": 18827.999590033214
    },
    "kalshi_to_poly@1": {
      "n": 18807,
      "Sx": -0.1405012023649732,
      "Sy": -0.10998572590634126,
      "Sxx": 18810.994481024398,
      "Sxy": 683.0575364626836,
      "Syy": 18827.9992122929
    },
    "kalshi_to_poly@2": {
      "n": 18806,
      "Sx": -0.17211805051896079,
      "Sy": -0.12942126854499492,
      "Sxx": 18810.993329603072,
      "Sxy": 587.2114173280772,
      "Syy": 18827.99883455258
    },
    "kalshi_to_poly@3": {
      "n": 18805,
      "Sx": -0.16552471945267655,
      "Sy": -0.14885681118358463,
      "Sxx": 18810.993195962437,
      "Sxy": 467.24625424610673,
      "Syy": 18827.998456812264
    }
  },
  "microprice_leadlag": {
    "mid": {
      "median_lag_ms": 200,
      "median_abs_corr": 0.282,
      "n": 2
    },
    "micro": {
      "median_lag_ms": 0,
      "median_abs_corr": 0.321,
      "n": 2
    }
  }
}