{
  "match": "Canada vs Qatar",
  "capture": "20260618T213421Z-canada-vs-qatar",
  "n_pairs": 2,
  "bin_ms": 1000,
  "lags_s": [
    -3,
    -2,
    -1,
    0,
    1,
    2,
    3
  ],
  "impact": {
    "kalshi": {
      "corr": 0.0461,
      "r2": 0.0021,
      "tstat": 3.99,
      "n": 7490
    },
    "poly": {
      "corr": 0.039,
      "r2": 0.0015,
      "tstat": 3.62,
      "n": 8596
    }
  },
  "impact_suff": {
    "kalshi": {
      "n": 7490,
      "Sx": -1.2434497875801753e-14,
      "Sy": -65.34771977817559,
      "Sxx": 7490.0,
      "Sxy": 313.30078065990426,
      "Syy": 6166.004657756093
    },
    "poly": {
      "n": 8596,
      "Sx": 3.9484081763983987,
      "Sy": 3.972628787031695,
      "Sxx": 8566.816146286037,
      "Sxy": 363.5751128123467,
      "Syy": 10151.467332261727
    }
  },
  "cross_suff": {
    "poly_to_kalshi@-3": {
      "n": 8598,
      "Sx": 0.0991643316886055,
      "Sy": 8.482411840936344,
      "Sxx": 8604.733356203842,
      "Sxy": 0.5959181786314578,
      "Syy": 433.09534453957184
    },
    "poly_to_kalshi@-2": {
      "n": 8600,
      "Sx": 0.9028731541515214,
      "Sy": 9.333293409784815,
      "Sxx": 8605.414121285266,
      "Sxy": -10.550660542395539,
      "Syy": 436.8258344859762
    },
    "poly_to_kalshi@-1": {
      "n": 8602,
      "Sx": 0.7128523977740322,
      "Sy": 9.999804904118022,
      "Sxx": 8605.456018483243,
      "Sxy": 18.69681668244446,
      "Syy": 435.4535697133092
    },
    "poly_to_kalshi@0": {
      "n": 8604,
      "Sx": -0.05037547260333852,
      "Sy": -2.0056656573239344,
      "Sxx": 8605.9929591359,
      "Sxy": -64.65637822985241,
      "Syy": 10589.11425496365
    },
    "poly_to_kalshi@1": {
      "n": 8604,
      "Sx": 0.7102765259802304,
      "Sy": -0.4767782657066384,
      "Sxx": 8605.252806470333,
      "Sxy": 29.51078670444002,
      "Syy": 10591.472084349714
    },
    "poly_to_kalshi@2": {
      "n": 8602,
      "Sx": 0.7129795791736164,
      "Sy": -0.4710311014888404,
      "Sxx": 8605.250803352192,
      "Sxy": 8.343376249002059,
      "Syy": 10591.471886455878
    },
    "poly_to_kalshi@3": {
      "n": 8600,
      "Sx": 0.5342160319339833,
      "Sy": -1.9941713288883278,
      "Sxx": 8605.227708892413,
      "Sxy": -3.4347537682163276,
      "Syy": 10589.113859175977
    },
    "kalshi_to_poly@-3": {
      "n": 7249,
      "Sx": -5.7226064474377765,
      "Sy": -7.569588827830172,
      "Sxx": 7442.881975350241,
      "Sxy": 24.56695755084453,
      "Syy": 8250.996848004328
    },
    "kalshi_to_poly@-2": {
      "n": 7247,
      "Sx": -6.454300985856804,
      "Sy": 30.980179696761862,
      "Sxx": 7442.286736451783,
      "Sxy": -13.502924720728096,
      "Syy": 9078.497975928196
    },
    "kalshi_to_poly@-1": {
      "n": 7246,
      "Sx": -7.515042588721641,
      "Sy": -0.07097066065112045,
      "Sxx": 7440.978565796453,
      "Sxy": 240.96647891289624,
      "Syy": 8858.265601984129
    },
    "kalshi_to_poly@0": {
      "n": 7249,
      "Sx": -7.557138622342901,
      "Sy": 2.448703403822435,
      "Sxx": 7441.007195255282,
      "Sxy": 133.52770761070468,
      "Syy": 9381.214838372707
    },
    "kalshi_to_poly@1": {
      "n": 7244,
      "Sx": -7.660277219571128,
      "Sy": 5.322968168933393,
      "Sxx": 7440.938658111118,
      "Sxy": 118.24897151589042,
      "Syy": 8576.6913343472
    },
    "kalshi_to_poly@2": {
      "n": 7244,
      "Sx": -6.344416321594567,
      "Sy": -16.21151865072837,
      "Sxx": 7448.8152046309515,
      "Sxy": 137.44831599848615,
      "Syy": 4424.973784563729
    },
    "kalshi_to_poly@3": {
      "n": 7242,
      "Sx": -8.70453643358482,
      "Sy": 13.789737408039203,
      "Sxx": 7440.470386940175,
      "Sxy": 184.84147262522401,
      "Syy": 8602.285621195564
    }
  },
  "microprice_leadlag": {
    "mid": {
      "median_lag_ms": 400,
      "median_abs_corr": 0.506,
      "n": 2
    },
    "micro": {
      "median_lag_ms": 1000,
      "median_abs_corr": 0.51,
      "n": 2
    }
  }
}