{
  "match": "Ecuador vs Cura\u00e7ao",
  "capture": "20260620T232821Z-ecuador-vs-cura\u00e7ao",
  "n_pairs": 2,
  "bin_ms": 1000,
  "lags_s": [
    -3,
    -2,
    -1,
    0,
    1,
    2,
    3
  ],
  "impact": {
    "kalshi": {
      "corr": 0.0986,
      "r2": 0.0097,
      "tstat": 12.8,
      "n": 16703
    },
    "poly": {
      "corr": 0.1056,
      "r2": 0.0112,
      "tstat": 13.57,
      "n": 16319
    }
  },
  "impact_suff": {
    "kalshi": {
      "n": 16703,
      "Sx": 2.1316282072803006e-14,
      "Sy": -75.85025715192442,
      "Sxx": 16703.0,
      "Sxy": 1387.2851631685357,
      "Syy": 11863.125668113018
    },
    "poly": {
      "n": 16319,
      "Sx": 0.2048810813489439,
      "Sy": -14.571905940168023,
      "Sxx": 16320.952605851433,
      "Sxy": 1790.6335517459029,
      "Syy": 17610.773711569906
    }
  },
  "cross_suff": {
    "poly_to_kalshi@-3": {
      "n": 16318,
      "Sx": 0.17020026183260484,
      "Sy": -158.6865907941231,
      "Sxx": 16320.951649888208,
      "Sxy": -77.83273133943388,
      "Syy": 3728.4624398767146
    },
    "poly_to_kalshi@-2": {
      "n": 16319,
      "Sx": 0.19374314549742166,
      "Sy": -159.79866449434135,
      "Sxx": 16320.952204155576,
      "Sxy": -66.08776481495708,
      "Syy": 3732.1769113113814
    },
    "poly_to_kalshi@-1": {
      "n": 16320,
      "Sx": 0.21734489181113759,
      "Sy": -161.07871902122707,
      "Sxx": 16320.952761198005,
      "Sxy": 95.65322454648003,
      "Syy": 3747.273514145756
    },
    "poly_to_kalshi@0": {
      "n": 16321,
      "Sx": -1.4210854715202004e-13,
      "Sy": 4.640817974987595,
      "Sxx": 16321.000000000004,
      "Sxy": -148.82908731635462,
      "Syy": 17615.90743073947
    },
    "poly_to_kalshi@1": {
      "n": 16319,
      "Sx": 4.050249953148036,
      "Sy": 4.643672737335313,
      "Sxx": 16308.695274666217,
      "Sxy": 525.1397940237467,
      "Syy": 17615.90730008659
    },
    "poly_to_kalshi@2": {
      "n": 16317,
      "Sx": 5.107451773035127,
      "Sy": 4.6465274996830175,
      "Sxx": 16307.728949023352,
      "Sxy": 254.2975031353916,
      "Syy": 17615.90716943371
    },
    "poly_to_kalshi@3": {
      "n": 16315,
      "Sx": 4.1805199846548255,
      "Sy": 4.649382262030743,
      "Sxx": 16306.949373451007,
      "Sxy": 100.90406353704583,
      "Syy": 17615.90703878084
    },
    "kalshi_to_poly@-3": {
      "n": 16692,
      "Sx": -0.2162856832270066,
      "Sy": 24.769647567750688,
      "Sxx": 16702.98912936343,
      "Sxy": -236.1172246200158,
      "Syy": 16307.274950977378
    },
    "kalshi_to_poly@-2": {
      "n": 16694,
      "Sx": -0.165897746512087,
      "Sy": 18.65644079125574,
      "Sxx": 16702.99155211793,
      "Sxy": 362.18512629676337,
      "Syy": 16175.444917255201
    },
    "kalshi_to_poly@-1": {
      "n": 16696,
      "Sx": -0.09323141627204024,
      "Sy": -41.71420915843702,
      "Sxx": 16702.996134057365,
      "Sxy": 1485.8616555845695,
      "Syy": 15174.396806638946
    },
    "kalshi_to_poly@0": {
      "n": 16698,
      "Sx": -0.04906538647092873,
      "Sy": 45.58501303339693,
      "Sxx": 16702.99807546141,
      "Sxy": 1075.1277032597181,
      "Syy": 16874.347885439904
    },
    "kalshi_to_poly@1": {
      "n": 16699,
      "Sx": -0.02476503296848165,
      "Sy": 14.556871024562469,
      "Sxx": 16702.999636544435,
      "Sxy": 502.82589860219423,
      "Syy": 16257.95507573799
    },
    "kalshi_to_poly@2": {
      "n": 16698,
      "Sx": 0.0560055800287671,
      "Sy": -13.576868223152921,
      "Sxx": 16702.973189815246,
      "Sxy": 263.1508325500694,
      "Syy": 17092.21921165784
    },
    "kalshi_to_poly@3": {
      "n": 16697,
      "Sx": 0.05755661388587896,
      "Sy": -30.28134022390666,
      "Sxx": 16702.963293187968,
      "Sxy": 49.09090215163423,
      "Syy": 16979.804960464477
    }
  },
  "microprice_leadlag": {
    "mid": {
      "median_lag_ms": 800,
      "median_abs_corr": 0.232,
      "n": 2
    },
    "micro": {
      "median_lag_ms": 800,
      "median_abs_corr": 0.284,
      "n": 2
    }
  }
}