{
  "match": "England vs Croatia",
  "capture": "20260617T193011Z-england-vs-croatia",
  "n_pairs": 2,
  "bin_ms": 1000,
  "lags_s": [
    -3,
    -2,
    -1,
    0,
    1,
    2,
    3
  ],
  "impact": {
    "kalshi": {
      "corr": 0.0673,
      "r2": 0.0045,
      "tstat": 8.39,
      "n": 15489
    },
    "poly": {
      "corr": 0.0781,
      "r2": 0.0061,
      "tstat": 10.2,
      "n": 16973
    }
  },
  "impact_suff": {
    "kalshi": {
      "n": 15489,
      "Sx": -0.015928199428472567,
      "Sy": -16.527176998543652,
      "Sxx": 15490.9992747393,
      "Sxy": 715.4984805661493,
      "Syy": 7304.054607924447
    },
    "poly": {
      "n": 16973,
      "Sx": 7.5679694148072265,
      "Sy": 0.25984538679135305,
      "Sxx": 16771.80282634963,
      "Sxy": 1322.6395895599294,
      "Syy": 17111.993414522065
    }
  },
  "cross_suff": {
    "poly_to_kalshi@-3": {
      "n": 16970,
      "Sx": -0.04095949399263432,
      "Sy": -22.768950557248075,
      "Sxx": 16977.983142947487,
      "Sxy": 0.8887040265149029,
      "Syy": 7298.256468986548
    },
    "poly_to_kalshi@-2": {
      "n": 16972,
      "Sx": -0.04451106462206411,
      "Sy": -27.075537732897516,
      "Sxx": 16977.984969353358,
      "Sxy": 32.90297879737096,
      "Syy": 7217.144104494143
    },
    "poly_to_kalshi@-1": {
      "n": 16974,
      "Sx": 0.04898439566515478,
      "Sy": -18.47839960212881,
      "Sxx": 16977.99777714552,
      "Sxy": 106.33750703933816,
      "Syy": 7287.713059792288
    },
    "poly_to_kalshi@0": {
      "n": 16976,
      "Sx": 0.02268188155309403,
      "Sy": -2.7561028866493054,
      "Sxx": 16977.998814998817,
      "Sxy": 159.1602939244037,
      "Syy": 17304.091199265087
    },
    "poly_to_kalshi@1": {
      "n": 16976,
      "Sx": -0.48107529108430214,
      "Sy": -2.7561028866493054,
      "Sxx": 16977.77184701402,
      "Sxy": 432.9947474858037,
      "Syy": 17304.091199265087
    },
    "poly_to_kalshi@2": {
      "n": 16974,
      "Sx": -0.5326326969960746,
      "Sy": -2.7507574798058947,
      "Sxx": 16977.769379068253,
      "Sxy": 249.85632416169457,
      "Syy": 17306.9310556526
    },
    "poly_to_kalshi@3": {
      "n": 16972,
      "Sx": 0.008971416715084501,
      "Sy": -3.496295063227457,
      "Sxx": 16977.47343570078,
      "Sxy": 102.32725381747758,
      "Syy": 17303.88916762098
    },
    "kalshi_to_poly@-3": {
      "n": 15303,
      "Sx": -22.036502920344873,
      "Sy": -5.938617681902485,
      "Sxx": 14975.363961488023,
      "Sxy": 95.90703914336413,
      "Syy": 16633.595723590104
    },
    "kalshi_to_poly@-2": {
      "n": 15305,
      "Sx": -22.01552257333369,
      "Sy": 36.33789887693801,
      "Sxx": 14975.364601321253,
      "Sxy": 17.13042857585541,
      "Syy": 13590.537252882468
    },
    "kalshi_to_poly@-1": {
      "n": 15307,
      "Sx": -21.428082342924444,
      "Sy": -1.8264601248755508,
      "Sxx": 14974.781398888195,
      "Sxy": 177.57986080434785,
      "Syy": 16631.376436380302
    },
    "kalshi_to_poly@0": {
      "n": 15309,
      "Sx": -22.936725058685084,
      "Sy": 3.886049777165976,
      "Sxx": 14972.424286128218,
      "Sxy": 360.85418481886893,
      "Syy": 12291.817997687203
    },
    "kalshi_to_poly@1": {
      "n": 15313,
      "Sx": -22.660172824459465,
      "Sy": 13.218839084631568,
      "Sxx": 14971.879459335316,
      "Sxy": 266.6823504064638,
      "Syy": 8443.951059691637
    },
    "kalshi_to_poly@2": {
      "n": 15311,
      "Sx": -22.967511222159764,
      "Sy": 17.081770859026097,
      "Sxx": 14971.781119172538,
      "Sxy": 25.330147355467382,
      "Syy": 16465.45843986984
    },
    "kalshi_to_poly@3": {
      "n": 15308,
      "Sx": -22.914178165300484,
      "Sy": -9.760113870271482,
      "Sxx": 14971.780122689957,
      "Sxy": 1076.7501629060698,
      "Syy": 14942.604888090635
    }
  },
  "microprice_leadlag": {
    "mid": {
      "median_lag_ms": 600,
      "median_abs_corr": 0.69,
      "n": 2
    },
    "micro": {
      "median_lag_ms": 600,
      "median_abs_corr": 0.709,
      "n": 2
    }
  }
}