{
  "match": "France vs Senegal",
  "capture": "20260616T182710Z-france-vs-senegal",
  "n_pairs": 2,
  "bin_ms": 1000,
  "lags_s": [
    -3,
    -2,
    -1,
    0,
    1,
    2,
    3
  ],
  "impact": {
    "kalshi": {
      "corr": 0.0546,
      "r2": 0.003,
      "tstat": 7.26,
      "n": 17663
    },
    "poly": {
      "corr": 0.0417,
      "r2": 0.0017,
      "tstat": 5.49,
      "n": 17265
    }
  },
  "impact_suff": {
    "kalshi": {
      "n": 17663,
      "Sx": 0.0038229944249650316,
      "Sy": 3.9375862928947285,
      "Sxx": 17663.999985384715,
      "Sxy": 982.4699014008783,
      "Syy": 18343.967631317002
    },
    "poly": {
      "n": 17265,
      "Sx": -10.61627815021938,
      "Sy": -0.6789277192845589,
      "Sxx": 17204.573969994526,
      "Sxy": 723.9521304138434,
      "Syy": 17477.988315739247
    }
  },
  "cross_suff": {
    "poly_to_kalshi@-3": {
      "n": 17263,
      "Sx": -3.5356952204201946,
      "Sy": -21.554391799457306,
      "Sxx": 17261.390603169395,
      "Sxy": -9.102717546010311,
      "Syy": 6045.645743582136
    },
    "poly_to_kalshi@-2": {
      "n": 17265,
      "Sx": -3.5409067695771377,
      "Sy": -23.388731635036308,
      "Sxx": 17261.390658199198,
      "Sxy": -37.86525368317062,
      "Syy": 6049.019590399284
    },
    "poly_to_kalshi@-1": {
      "n": 17267,
      "Sx": -3.1493241553352362,
      "Sy": -19.735142920982696,
      "Sxx": 17261.536502630464,
      "Sxy": 9.13035412264811,
      "Syy": 6048.964829964797
    },
    "poly_to_kalshi@0": {
      "n": 17269,
      "Sx": -2.9827735854532946,
      "Sy": 4.9982385102268605,
      "Sxx": 17261.56175083865,
      "Sxy": -7.715887053386272,
      "Syy": 18343.955028381253
    },
    "poly_to_kalshi@1": {
      "n": 17269,
      "Sx": -0.25586127883853393,
      "Sy": 6.937120322413184,
      "Sxx": 17270.842395842028,
      "Sxy": 265.9348499897627,
      "Syy": 18340.205312513866
    },
    "poly_to_kalshi@2": {
      "n": 17267,
      "Sx": -0.24619399071091053,
      "Sy": 6.942150641447979,
      "Sxx": 17270.842285138133,
      "Sxy": 126.22212865456,
      "Syy": 18340.205250318806
    },
    "poly_to_kalshi@3": {
      "n": 17265,
      "Sx": -0.1965655281720018,
      "Sy": 70.93028076263154,
      "Sxx": 17270.840525650077,
      "Sxy": 83.02674038746872,
      "Syy": 14246.683172701947
    },
    "kalshi_to_poly@-3": {
      "n": 17065,
      "Sx": -1.2373845087472688,
      "Sy": 13.4727181936466,
      "Sxx": 17277.452839943842,
      "Sxy": 37.85371848555574,
      "Syy": 15516.891394300546
    },
    "kalshi_to_poly@-2": {
      "n": 17066,
      "Sx": -1.088518262697221,
      "Sy": 3.506584305469623,
      "Sxx": 17277.45656701463,
      "Sxy": -5.04967860772725,
      "Syy": 17256.2161865733
    },
    "kalshi_to_poly@-1": {
      "n": 17068,
      "Sx": -1.650265232375176,
      "Sy": -6.068593694169728,
      "Sxx": 17277.79544132165,
      "Sxy": 540.9617774526238,
      "Syy": 17402.55896120573
    },
    "kalshi_to_poly@0": {
      "n": 17070,
      "Sx": -2.2590121720872247,
      "Sy": -13.10667354123808,
      "Sxx": 17278.596164991894,
      "Sxy": 506.1738620058044,
      "Syy": 17359.96893717818
    },
    "kalshi_to_poly@1": {
      "n": 17069,
      "Sx": -2.624636064424749,
      "Sy": 9.85324186709122,
      "Sxx": 17278.838438866645,
      "Sxy": 377.1715118215553,
      "Syy": 17313.854816557687
    },
    "kalshi_to_poly@2": {
      "n": 17068,
      "Sx": -16.555386100747306,
      "Sy": -2.5750645217916315,
      "Sxx": 17471.511114807487,
      "Sxy": 189.28971056058006,
      "Syy": 17457.83935082613
    },
    "kalshi_to_poly@3": {
      "n": 17069,
      "Sx": -15.618340174504489,
      "Sy": -14.178601167534453,
      "Sxx": 17472.327364868957,
      "Sxy": 197.24029956069705,
      "Syy": 17404.04715442955
    }
  },
  "microprice_leadlag": {
    "mid": {
      "median_lag_ms": 800,
      "median_abs_corr": 0.289,
      "n": 2
    },
    "micro": {
      "median_lag_ms": 600,
      "median_abs_corr": 0.347,
      "n": 2
    }
  }
}