{
  "match": "Germany vs Ivory Coast",
  "capture": "20260620T193323Z-germany-vs-ivory-coast",
  "n_pairs": 2,
  "bin_ms": 1000,
  "lags_s": [
    -3,
    -2,
    -1,
    0,
    1,
    2,
    3
  ],
  "impact": {
    "kalshi": {
      "corr": 0.0761,
      "r2": 0.0058,
      "tstat": 10.0,
      "n": 17141
    },
    "poly": {
      "corr": 0.0759,
      "r2": 0.0058,
      "tstat": 9.87,
      "n": 16843
    }
  },
  "impact_suff": {
    "kalshi": {
      "n": 17141,
      "Sx": -4.263256414560601e-14,
      "Sy": 55.560715286098215,
      "Sxx": 17140.999999999993,
      "Sxy": 1201.7638055484335,
      "Syy": 14530.966921959252
    },
    "poly": {
      "n": 16843,
      "Sx": 0.20623058486631862,
      "Sy": -0.928757924259493,
      "Sxx": 16845.966895173045,
      "Sxy": 1298.6806938273373,
      "Syy": 17391.9945931619
    }
  },
  "cross_suff": {
    "poly_to_kalshi@-3": {
      "n": 16838,
      "Sx": -0.8757441996640125,
      "Sy": -5.962305846072624,
      "Sxx": 16845.137883917043,
      "Sxy": -90.66945146211421,
      "Syy": 9520.846572972101
    },
    "poly_to_kalshi@-2": {
      "n": 16840,
      "Sx": -0.8609692362950128,
      "Sy": -10.23804872618311,
      "Sxx": 16845.139227740758,
      "Sxy": -11.854645339222236,
      "Syy": 9526.980913260842
    },
    "poly_to_kalshi@-1": {
      "n": 16842,
      "Sx": 0.09034605600752599,
      "Sy": -5.38752992544552,
      "Sxx": 16845.975909010136,
      "Sxy": 57.33509981332017,
      "Syy": 9529.299264342091
    },
    "poly_to_kalshi@0": {
      "n": 16844,
      "Sx": 0.10453622884065084,
      "Sy": 8.088304311782,
      "Sxx": 16845.977236915092,
      "Sxy": 258.8620813964071,
      "Syy": 17434.011472170154
    },
    "poly_to_kalshi@1": {
      "n": 16844,
      "Sx": -1.3221909993960352,
      "Sy": 7.765204323121058,
      "Sxx": 16844.087169014914,
      "Sxy": 475.3531419888112,
      "Syy": 17432.96221111563
    },
    "poly_to_kalshi@2": {
      "n": 16842,
      "Sx": -1.747011495290721,
      "Sy": 7.057005219621459,
      "Sxx": 16843.850518108862,
      "Sxy": 243.42092823584278,
      "Syy": 17435.505350408373
    },
    "poly_to_kalshi@3": {
      "n": 16840,
      "Sx": -1.77108438186918,
      "Sy": 11.137325790681755,
      "Sxx": 16843.84990969903,
      "Sxy": 64.7575956281065,
      "Syy": 17418.905083371596
    },
    "kalshi_to_poly@-3": {
      "n": 17089,
      "Sx": 35.50069716785734,
      "Sy": 4.560925276592755,
      "Sxx": 16983.59048450052,
      "Sxy": 28.168397415095463,
      "Syy": 17224.95443659049
    },
    "kalshi_to_poly@-2": {
      "n": 17091,
      "Sx": 35.60688586413348,
      "Sy": -26.447092636727163,
      "Sxx": 16983.591215853543,
      "Sxy": 180.66434080122787,
      "Syy": 17220.967446771643
    },
    "kalshi_to_poly@-1": {
      "n": 17093,
      "Sx": 34.812178530579274,
      "Sy": -17.25019751470093,
      "Sxx": 16984.307749021144,
      "Sxy": 567.7645742304707,
      "Syy": 17258.87785029028
    },
    "kalshi_to_poly@0": {
      "n": 17095,
      "Sx": 34.81255302221453,
      "Sy": -1.1674179810069347,
      "Sxx": 16984.308193607365,
      "Sxy": 469.1048727456268,
      "Syy": 17274.563201436205
    },
    "kalshi_to_poly@1": {
      "n": 17095,
      "Sx": 34.78503525561763,
      "Sy": -16.71738009404089,
      "Sxx": 16984.308893800306,
      "Sxy": 187.87285884616426,
      "Syy": 17311.46258935105
    },
    "kalshi_to_poly@2": {
      "n": 17093,
      "Sx": 35.45112841722589,
      "Sy": -23.159921451399946,
      "Sxx": 16983.849088883653,
      "Sxy": 206.2982224124005,
      "Syy": 17259.701509168848
    },
    "kalshi_to_poly@3": {
      "n": 17092,
      "Sx": 35.838276318476005,
      "Sy": -10.182562156346037,
      "Sxx": 16983.695261715297,
      "Sxy": 96.55459458110334,
      "Syy": 17263.20277435662
    }
  },
  "microprice_leadlag": {
    "mid": {
      "median_lag_ms": 200,
      "median_abs_corr": 0.593,
      "n": 2
    },
    "micro": {
      "median_lag_ms": 200,
      "median_abs_corr": 0.573,
      "n": 2
    }
  }
}