{
  "match": "Germany vs Cura\u00e7ao",
  "capture": "20260614T163214Z-germany-vs-cura\u00e7ao",
  "n_pairs": 2,
  "bin_ms": 1000,
  "lags_s": [
    -3,
    -2,
    -1,
    0,
    1,
    2,
    3
  ],
  "impact": {
    "kalshi": {
      "corr": 0.0251,
      "r2": 0.0006,
      "tstat": 2.67,
      "n": 11280
    },
    "poly": {
      "corr": 0.0608,
      "r2": 0.0037,
      "tstat": 6.97,
      "n": 13094
    }
  },
  "impact_suff": {
    "kalshi": {
      "n": 11280,
      "Sx": 0.04910096898763783,
      "Sy": 82.91975464796086,
      "Sxx": 11287.999516411313,
      "Sxy": 233.89751972945407,
      "Syy": 7698.134358463909
    },
    "poly": {
      "n": 13094,
      "Sx": -7.333122343477648,
      "Sy": -0.09661170703638611,
      "Sxx": 13045.065010800361,
      "Sxy": 795.4968394356432,
      "Syy": 13132.999091023312
    }
  },
  "cross_suff": {
    "poly_to_kalshi@-3": {
      "n": 13078,
      "Sx": 0.25239732893436084,
      "Sy": 9.4147364889768,
      "Sxx": 13097.983024880206,
      "Sxy": -0.5148651121440329,
      "Syy": 681.8877152389445
    },
    "poly_to_kalshi@-2": {
      "n": 13080,
      "Sx": 0.25387611548163136,
      "Sy": 11.10554754380766,
      "Sxx": 13097.983274262031,
      "Sxy": -14.2450874024238,
      "Syy": 684.7130310294644
    },
    "poly_to_kalshi@-1": {
      "n": 13082,
      "Sx": 0.14289642905410815,
      "Sy": 11.104266854109824,
      "Sxx": 13097.993498224841,
      "Sxy": 10.722492280097601,
      "Syy": 684.7132571387333
    },
    "poly_to_kalshi@0": {
      "n": 13084,
      "Sx": 0.09784112106357767,
      "Sy": 13.57102698320319,
      "Sxx": 13097.996881180587,
      "Sxy": 42.443733235001275,
      "Syy": 14304.845581338337
    },
    "poly_to_kalshi@1": {
      "n": 13084,
      "Sx": 0.18682654439756874,
      "Sy": 13.57102698320319,
      "Sxx": 13097.996697385961,
      "Sxy": 65.38345432224004,
      "Syy": 14304.845581338337
    },
    "poly_to_kalshi@2": {
      "n": 13082,
      "Sx": 0.18534775785030533,
      "Sy": 15.264399417429726,
      "Sxx": 13097.996448004134,
      "Sxy": 3.7819205557927553,
      "Syy": 14301.944095966512
    },
    "poly_to_kalshi@3": {
      "n": 13080,
      "Sx": 0.17372488358105542,
      "Sy": 13.573588362598858,
      "Sxx": 13097.996583624157,
      "Sxy": 0.10138321906208048,
      "Syy": 14304.845129119798
    },
    "kalshi_to_poly@-3": {
      "n": 10745,
      "Sx": 3.065852424068453,
      "Sy": 19.560800592287286,
      "Sxx": 11272.491988166532,
      "Sxy": 189.51818329274448,
      "Syy": 12906.445179130373
    },
    "kalshi_to_poly@-2": {
      "n": 10746,
      "Sx": 3.1057724155228534,
      "Sy": 15.523142814355154,
      "Sxx": 11272.489396519095,
      "Sxy": -19.312654177641555,
      "Syy": 12389.132205978172
    },
    "kalshi_to_poly@-1": {
      "n": 10748,
      "Sx": 3.1173107953396,
      "Sy": 24.29563968419522,
      "Sxx": 11272.48827104989,
      "Sxy": -2.281795542093178,
      "Syy": 9038.023389444883
    },
    "kalshi_to_poly@0": {
      "n": 10748,
      "Sx": 3.066106983368492,
      "Sy": 13.655660946764803,
      "Sxx": 11272.487285175095,
      "Sxy": 191.4869682629301,
      "Syy": 12292.205534128514
    },
    "kalshi_to_poly@1": {
      "n": 10748,
      "Sx": 3.0916684150774927,
      "Sy": 26.680363243796542,
      "Sxx": 11272.4876525145,
      "Sxy": 173.57434485710746,
      "Syy": 9820.004462685438
    },
    "kalshi_to_poly@2": {
      "n": 10747,
      "Sx": 7.180308976750453,
      "Sy": 17.468407723254753,
      "Sxx": 11255.770670871942,
      "Sxy": 166.19054148203116,
      "Syy": 12413.853851738655
    },
    "kalshi_to_poly@3": {
      "n": 10746,
      "Sx": 7.181632991165181,
      "Sy": 24.485554794872073,
      "Sxx": 11255.770669118927,
      "Sxy": 24.43770779130235,
      "Syy": 8866.107140257345
    }
  },
  "microprice_leadlag": {
    "mid": {
      "median_lag_ms": 2400,
      "median_abs_corr": 0.575,
      "n": 2
    },
    "micro": {
      "median_lag_ms": 5000,
      "median_abs_corr": 0.651,
      "n": 2
    }
  }
}