{
  "match": "Ghana vs Panama",
  "capture": "20260617T223224Z-ghana-vs-panama",
  "n_pairs": 2,
  "bin_ms": 1000,
  "lags_s": [
    -3,
    -2,
    -1,
    0,
    1,
    2,
    3
  ],
  "impact": {
    "kalshi": {
      "corr": 0.0721,
      "r2": 0.0052,
      "tstat": 9.54,
      "n": 17426
    },
    "poly": {
      "corr": 0.047,
      "r2": 0.0022,
      "tstat": 6.22,
      "n": 17508
    }
  },
  "impact_suff": {
    "kalshi": {
      "n": 17426,
      "Sx": 0.0,
      "Sy": 0.807218035809786,
      "Sxx": 17426.0,
      "Sxy": 1265.8027017316208,
      "Syy": 17696.997079312663
    },
    "poly": {
      "n": 17508,
      "Sx": 12.697037514519089,
      "Sy": -0.07658607168950482,
      "Sxx": 17350.66219476045,
      "Sxy": 822.5374217354246,
      "Syy": 17680.96320277283
    }
  },
  "cross_suff": {
    "poly_to_kalshi@-3": {
      "n": 17503,
      "Sx": 12.579828470156166,
      "Sy": -31.439890270661635,
      "Sxx": 17350.662683038558,
      "Sxy": 23.03222474387047,
      "Syy": 6919.331959354962
    },
    "poly_to_kalshi@-2": {
      "n": 17505,
      "Sx": 12.597037103758204,
      "Sy": -31.445318656542,
      "Sxx": 17350.66283940517,
      "Sxy": -0.8237103152612626,
      "Syy": 6919.331978038545
    },
    "poly_to_kalshi@-1": {
      "n": 17507,
      "Sx": 12.635218115804932,
      "Sy": -30.205396887779358,
      "Sxx": 17350.66381875623,
      "Sxy": 130.13631872672792,
      "Syy": 6920.879633740513
    },
    "poly_to_kalshi@0": {
      "n": 17509,
      "Sx": 12.654483728907032,
      "Sy": -2.4917904993398796,
      "Sxx": 17350.664005585117,
      "Sxy": 17.9338489283478,
      "Syy": 17683.132591379046
    },
    "poly_to_kalshi@1": {
      "n": 17509,
      "Sx": -3.523939611057383,
      "Sy": -0.4955847119175587,
      "Sxx": 17499.52216321599,
      "Sxy": -8.501415322475623,
      "Syy": 17687.864571605758
    },
    "poly_to_kalshi@2": {
      "n": 17507,
      "Sx": -10.367996054766252,
      "Sy": 0.4988327176902736,
      "Sxx": 17452.378770103438,
      "Sxy": 171.87412101804895,
      "Syy": 17690.944197606903
    },
    "poly_to_kalshi@3": {
      "n": 17505,
      "Sx": -10.952479391608023,
      "Sy": 0.5042611035706432,
      "Sxx": 17452.17329739813,
      "Sxy": 187.1683336987213,
      "Syy": 17696.998297920058
    },
    "kalshi_to_poly@-3": {
      "n": 17404,
      "Sx": 3.9033226516161896,
      "Sy": -7.051484826636809,
      "Sxx": 17417.77935715295,
      "Sxy": 198.0524556017841,
      "Syy": 17571.491403765405
    },
    "kalshi_to_poly@-2": {
      "n": 17406,
      "Sx": 3.9957504245802724,
      "Sy": -11.525198137857686,
      "Sxx": 17417.775943399487,
      "Sxy": 191.96494446855147,
      "Syy": 17544.4961987337
    },
    "kalshi_to_poly@-1": {
      "n": 17408,
      "Sx": 3.7942311863017792,
      "Sy": -49.133173833764104,
      "Sxx": 17417.850409027367,
      "Sxy": 1063.3407848294582,
      "Syy": 14224.450330933347
    },
    "kalshi_to_poly@0": {
      "n": 17410,
      "Sx": 1.312989700990986,
      "Sy": -52.555274189308136,
      "Sxx": 17410.791788315728,
      "Sxy": 832.7758044881798,
      "Syy": 15098.636411873465
    },
    "kalshi_to_poly@1": {
      "n": 17408,
      "Sx": -1.5634649478537241,
      "Sy": -28.14963089528925,
      "Sxx": 17418.20391543817,
      "Sxy": 566.124169991894,
      "Syy": 16542.847593226725
    },
    "kalshi_to_poly@2": {
      "n": 17406,
      "Sx": -1.6599037758808208,
      "Sy": -11.69670950564074,
      "Sxx": 17418.199889284653,
      "Sxy": 472.1085204881839,
      "Syy": 17581.295899892113
    },
    "kalshi_to_poly@3": {
      "n": 17404,
      "Sx": -2.5192562260427565,
      "Sy": 5.643746069335307,
      "Sxx": 17418.866033379352,
      "Sxy": 283.0916392267569,
      "Syy": 17602.924602951964
    }
  },
  "microprice_leadlag": {
    "mid": {
      "median_lag_ms": 1600,
      "median_abs_corr": 0.736,
      "n": 2
    },
    "micro": {
      "median_lag_ms": 1600,
      "median_abs_corr": 0.498,
      "n": 2
    }
  }
}