{
  "match": "Iraq vs Norway",
  "capture": "20260616T213023Z-iraq-vs-norway",
  "n_pairs": 2,
  "bin_ms": 1000,
  "lags_s": [
    -3,
    -2,
    -1,
    0,
    1,
    2,
    3
  ],
  "impact": {
    "kalshi": {
      "corr": 0.0833,
      "r2": 0.0069,
      "tstat": 9.74,
      "n": 13567
    },
    "poly": {
      "corr": 0.0414,
      "r2": 0.0017,
      "tstat": 5.24,
      "n": 15943
    }
  },
  "impact_suff": {
    "kalshi": {
      "n": 13567,
      "Sx": 4.099741656251343,
      "Sy": -7.742918075512648,
      "Sxx": 13560.32523136213,
      "Sxy": 569.5664428214828,
      "Syy": 3447.658270708419
    },
    "poly": {
      "n": 15943,
      "Sx": 0.46527987654796554,
      "Sy": -0.9497315205425734,
      "Sxx": 15945.706059197646,
      "Sxy": 671.6659734514288,
      "Syy": 16472.987275285235
    }
  },
  "cross_suff": {
    "poly_to_kalshi@-3": {
      "n": 15941,
      "Sx": 0.2795251449569349,
      "Sy": -7.170974700163001,
      "Sxx": 15947.908028588154,
      "Sxy": -17.873006669651538,
      "Syy": 3447.7736813635984
    },
    "poly_to_kalshi@-2": {
      "n": 15943,
      "Sx": 0.23167061800447009,
      "Sy": -7.174779934831079,
      "Sxx": 15947.9572030527,
      "Sxy": 33.02665667062973,
      "Syy": 3447.7737949057805
    },
    "poly_to_kalshi@-1": {
      "n": 15945,
      "Sx": 0.21097797024537357,
      "Sy": -7.178585169499129,
      "Sxx": 15947.957952254,
      "Sxy": 56.769511381856134,
      "Syy": 3447.7739084479617
    },
    "poly_to_kalshi@0": {
      "n": 15946,
      "Sx": 0.20111477126685884,
      "Sy": 5.614294569764915,
      "Sxx": 15947.958049536694,
      "Sxy": 160.84143580071287,
      "Syy": 16773.93762447023
    },
    "poly_to_kalshi@1": {
      "n": 15946,
      "Sx": -1.0123309101767184,
      "Sy": -82.1638039696571,
      "Sxx": 15947.147184163508,
      "Sxy": 122.97953984254401,
      "Syy": 9070.556946955527
    },
    "poly_to_kalshi@2": {
      "n": 15945,
      "Sx": -1.0024677111982037,
      "Sy": -82.16919183502557,
      "Sxx": 15947.147086880814,
      "Sxy": 29.25176297294729,
      "Syy": 9070.556917926433
    },
    "poly_to_kalshi@3": {
      "n": 15944,
      "Sx": -0.9917593577482187,
      "Sy": -82.17457970039405,
      "Sxx": 15947.14697221198,
      "Sxy": 18.052394436887845,
      "Syy": 9070.55688889734
    },
    "kalshi_to_poly@-3": {
      "n": 13377,
      "Sx": -1.9861579358767614,
      "Sy": 18.730106916972034,
      "Sxx": 13093.97237348017,
      "Sxy": -15.939442896682857,
      "Syy": 15090.756353602497
    },
    "kalshi_to_poly@-2": {
      "n": 13379,
      "Sx": -1.948174131212383,
      "Sy": 16.983600721539275,
      "Sxx": 13093.97327766228,
      "Sxy": 43.52568542579549,
      "Syy": 15854.403947763034
    },
    "kalshi_to_poly@-1": {
      "n": 13380,
      "Sx": -1.8202209908486928,
      "Sy": 3.215796183999821,
      "Sxx": 13093.979294339302,
      "Sxy": 245.59486572339887,
      "Syy": 13350.160401435907
    },
    "kalshi_to_poly@0": {
      "n": 13382,
      "Sx": -1.6763260032986942,
      "Sy": -17.08403383204569,
      "Sxx": 13093.964638648256,
      "Sxy": 420.14092813609375,
      "Syy": 12040.427363723998
    },
    "kalshi_to_poly@1": {
      "n": 13385,
      "Sx": -5.790491430342982,
      "Sy": -51.0035614580316,
      "Sxx": 13102.639561840082,
      "Sxy": 597.3144993783319,
      "Syy": 9135.339513647848
    },
    "kalshi_to_poly@2": {
      "n": 13382,
      "Sx": -10.829717178111792,
      "Sy": -8.512101629746304,
      "Sxx": 13077.404375316026,
      "Sxy": 335.3031787523221,
      "Syy": 12953.69746619004
    },
    "kalshi_to_poly@3": {
      "n": 13381,
      "Sx": -10.845398247777823,
      "Sy": 6.467406210745139,
      "Sxx": 13077.404173291325,
      "Sxy": 385.6151669866256,
      "Syy": 12623.645888015459
    }
  },
  "microprice_leadlag": {
    "mid": {
      "median_lag_ms": 400,
      "median_abs_corr": 0.462,
      "n": 2
    },
    "micro": {
      "median_lag_ms": 400,
      "median_abs_corr": 0.328,
      "n": 2
    }
  }
}