{
  "match": "Mexico vs South Korea",
  "capture": "20260619T002622Z-mexico-vs-south-korea",
  "n_pairs": 2,
  "bin_ms": 1000,
  "lags_s": [
    -3,
    -2,
    -1,
    0,
    1,
    2,
    3
  ],
  "impact": {
    "kalshi": {
      "corr": 0.0559,
      "r2": 0.0031,
      "tstat": 7.27,
      "n": 16845
    },
    "poly": {
      "corr": 0.0707,
      "r2": 0.005,
      "tstat": 9.29,
      "n": 17179
    }
  },
  "impact_suff": {
    "kalshi": {
      "n": 16845,
      "Sx": 1.4210854715202004e-14,
      "Sy": 68.28073982614603,
      "Sxx": 16845.0,
      "Sxy": 845.3549286000646,
      "Syy": 13578.176074725248
    },
    "poly": {
      "n": 17179,
      "Sx": -1.257029229495103,
      "Sy": -5.323394561376595,
      "Sxx": 17180.430903633733,
      "Sxy": 1236.9114116734604,
      "Syy": 17825.862590154
    }
  },
  "cross_suff": {
    "poly_to_kalshi@-3": {
      "n": 17176,
      "Sx": -0.10207924781818889,
      "Sy": -22.464464983959232,
      "Sxx": 17181.996035910335,
      "Sxy": -30.75459966656211,
      "Syy": 5397.6626335260435
    },
    "poly_to_kalshi@-2": {
      "n": 17178,
      "Sx": -0.05702419921144042,
      "Sy": -20.643416610012423,
      "Sxx": 17181.997106698032,
      "Sxy": -1.521310913954597,
      "Syy": 5398.08652140814
    },
    "poly_to_kalshi@-1": {
      "n": 17179,
      "Sx": -0.034860066258225686,
      "Sy": -19.26879429659178,
      "Sxx": 17181.99759794682,
      "Sxy": 49.473007372675205,
      "Syy": 5388.632262321486
    },
    "poly_to_kalshi@0": {
      "n": 17180,
      "Sx": -0.004996422288506608,
      "Sy": 4.468716163909887,
      "Sxx": 17181.998489784055,
      "Sxy": -45.57704971037424,
      "Syy": 17840.62854839555
    },
    "poly_to_kalshi@1": {
      "n": 17180,
      "Sx": -0.13876607052829826,
      "Sy": 4.920594073323926,
      "Sxx": 17179.021945678924,
      "Sxy": 184.27661974416,
      "Syy": 17835.381538186703
    },
    "poly_to_kalshi@2": {
      "n": 17178,
      "Sx": -0.9447935712735429,
      "Sy": 2.64766778996308,
      "Sxx": 17178.4138754164,
      "Sxy": 112.10936085016067,
      "Syy": 17840.204660513453
    },
    "poly_to_kalshi@3": {
      "n": 17176,
      "Sx": -1.0510601902076857,
      "Sy": 4.0285089122188324,
      "Sxx": 17178.406802156664,
      "Sxy": 64.97443937567434,
      "Syy": 17842.094217001235
    },
    "kalshi_to_poly@-3": {
      "n": 16824,
      "Sx": 3.466971814716402,
      "Sy": 49.177776869955224,
      "Sxx": 16833.683702364877,
      "Sxy": -11.485237507925529,
      "Syy": 16406.311476222512
    },
    "kalshi_to_poly@-2": {
      "n": 16826,
      "Sx": 3.518517303882284,
      "Sy": -36.24727168415155,
      "Sxx": 16833.68648616238,
      "Sxy": 30.272390472876562,
      "Syy": 17053.388659779062
    },
    "kalshi_to_poly@-1": {
      "n": 16828,
      "Sx": 3.5093298529792207,
      "Sy": -11.11809110980522,
      "Sxx": 16833.683913569468,
      "Sxy": 432.51268211859235,
      "Syy": 17475.19168086825
    },
    "kalshi_to_poly@0": {
      "n": 16831,
      "Sx": 3.6116573731552535,
      "Sy": 11.255889901711583,
      "Sxx": 16833.687434386567,
      "Sxy": 564.9789945942763,
      "Syy": 11492.882083043525
    },
    "kalshi_to_poly@1": {
      "n": 16830,
      "Sx": 3.590081773791333,
      "Sy": 33.15745797161864,
      "Sxx": 16833.687156479373,
      "Sxy": 521.2748611766974,
      "Syy": 13509.08058163635
    },
    "kalshi_to_poly@2": {
      "n": 16829,
      "Sx": 3.557293840214342,
      "Sy": 36.38741461231362,
      "Sxx": 16833.68615845533,
      "Sxy": 434.75848890125053,
      "Syy": 16410.101153879063
    },
    "kalshi_to_poly@3": {
      "n": 16827,
      "Sx": 0.49351133109253453,
      "Sy": -65.1432435893186,
      "Sxx": 16828.303480138442,
      "Sxy": 99.2096857787948,
      "Syy": 16917.36281113381
    }
  },
  "microprice_leadlag": {
    "mid": {
      "median_lag_ms": 800,
      "median_abs_corr": 0.364,
      "n": 2
    },
    "micro": {
      "median_lag_ms": 600,
      "median_abs_corr": 0.337,
      "n": 2
    }
  }
}