{
  "match": "Netherlands vs Japan",
  "capture": "20260614T192705Z-netherlands-vs-japan",
  "n_pairs": 2,
  "bin_ms": 1000,
  "lags_s": [
    -3,
    -2,
    -1,
    0,
    1,
    2,
    3
  ],
  "impact": {
    "kalshi": {
      "corr": 0.0395,
      "r2": 0.0016,
      "tstat": 4.88,
      "n": 15260
    },
    "poly": {
      "corr": 0.0903,
      "r2": 0.0082,
      "tstat": 12.08,
      "n": 17755
    }
  },
  "impact_suff": {
    "kalshi": {
      "n": 15260,
      "Sx": 1.7763568394002505e-14,
      "Sy": 6.151893032555372,
      "Sxx": 15260.000000000002,
      "Sxy": 650.5713332817274,
      "Syy": 17763.97230611505
    },
    "poly": {
      "n": 17755,
      "Sx": 0.02875944519718132,
      "Sy": -0.07385877468152913,
      "Sxx": 17756.999009850744,
      "Sxy": 1603.4449459959565,
      "Syy": 17763.999381199494
    }
  },
  "cross_suff": {
    "poly_to_kalshi@-3": {
      "n": 17749,
      "Sx": 0.008711115598124763,
      "Sy": -131.68944476584488,
      "Sxx": 17756.998897408368,
      "Sxy": 18.781814343456766,
      "Syy": 8468.207304002155
    },
    "poly_to_kalshi@-2": {
      "n": 17751,
      "Sx": 0.017231660432702967,
      "Sy": -131.69425813914438,
      "Sxx": 17756.998938231023,
      "Sxy": 11.722023512663325,
      "Syy": 8468.207325639189
    },
    "poly_to_kalshi@-1": {
      "n": 17753,
      "Sx": 0.021833924725893183,
      "Sy": -131.69907151244385,
      "Sxx": 17756.998972805308,
      "Sxy": 54.091387792339845,
      "Syy": 8468.207347276222
    },
    "poly_to_kalshi@0": {
      "n": 17755,
      "Sx": 0.02875944519718132,
      "Sy": 0.02390213809069941,
      "Sxx": 17756.999009850744,
      "Sxy": 331.72980425259504,
      "Syy": 17763.99989184196
    },
    "poly_to_kalshi@1": {
      "n": 17755,
      "Sx": 1.440134691960477,
      "Sy": 0.02390213809069941,
      "Sxx": 17755.923112609562,
      "Sxy": 637.5402619514456,
      "Syy": 17763.99989184196
    },
    "poly_to_kalshi@2": {
      "n": 17753,
      "Sx": 1.748441199468104,
      "Sy": 0.028715511390169368,
      "Sxx": 17755.79525402457,
      "Sxy": 85.39623682638504,
      "Syy": 17763.999870204927
    },
    "poly_to_kalshi@3": {
      "n": 17751,
      "Sx": 1.9652967806658594,
      "Sy": 0.03352888468964643,
      "Sxx": 17755.748204139898,
      "Sxy": 45.67614847793614,
      "Syy": 17763.999848567888
    },
    "kalshi_to_poly@-3": {
      "n": 15254,
      "Sx": -0.11205029417637746,
      "Sy": -13.165507101618218,
      "Sxx": 15259.997833697775,
      "Sxy": -6.021561738863738,
      "Syy": 16906.516759833907
    },
    "kalshi_to_poly@-2": {
      "n": 15256,
      "Sx": -0.07286621918047231,
      "Sy": -21.988585498208987,
      "Sxx": 15259.998636291619,
      "Sxy": 25.53921243111403,
      "Syy": 13157.059530211925
    },
    "kalshi_to_poly@-1": {
      "n": 15258,
      "Sx": -0.0393182019905538,
      "Sy": 21.39760308730161,
      "Sxx": 15259.999207299697,
      "Sxy": 301.4991137447479,
      "Syy": 17477.791813057906
    },
    "kalshi_to_poly@0": {
      "n": 15260,
      "Sx": 1.7763568394002505e-14,
      "Sy": 19.224045274775914,
      "Sxx": 15260.000000000002,
      "Sxy": 276.9208626381661,
      "Syy": 11811.771772221942
    },
    "kalshi_to_poly@1": {
      "n": 15258,
      "Sx": -0.12581583556732667,
      "Sy": 27.041657487671678,
      "Sxx": 15259.989543077747,
      "Sxy": 37.080704554177366,
      "Syy": 12611.294667228412
    },
    "kalshi_to_poly@2": {
      "n": 15256,
      "Sx": 0.4923728033772754,
      "Sy": -49.97674448861448,
      "Sxx": 15259.510247628712,
      "Sxy": 78.20141931439774,
      "Syy": 16207.498724720816
    },
    "kalshi_to_poly@3": {
      "n": 15254,
      "Sx": 1.8277823508944202,
      "Sy": -9.996146308737984,
      "Sxx": 15257.576434026543,
      "Sxy": 398.46883612350473,
      "Syy": 12398.534260511375
    }
  },
  "microprice_leadlag": {
    "mid": {
      "median_lag_ms": 600,
      "median_abs_corr": 0.415,
      "n": 2
    },
    "micro": {
      "median_lag_ms": 0,
      "median_abs_corr": 0.426,
      "n": 2
    }
  }
}