{
  "match": "Netherlands vs Sweden",
  "capture": "20260620T163021Z-netherlands-vs-sweden",
  "n_pairs": 2,
  "bin_ms": 1000,
  "lags_s": [
    -3,
    -2,
    -1,
    0,
    1,
    2,
    3
  ],
  "impact": {
    "kalshi": {
      "corr": 0.0415,
      "r2": 0.0017,
      "tstat": 4.91,
      "n": 13966
    },
    "poly": {
      "corr": 0.0863,
      "r2": 0.0075,
      "tstat": 10.21,
      "n": 13870
    }
  },
  "impact_suff": {
    "kalshi": {
      "n": 13966,
      "Sx": -0.3574875988159292,
      "Sy": 90.27876894342901,
      "Sxx": 13969.936858043186,
      "Sxy": 462.30190357731,
      "Syy": 8887.596433791037
    },
    "poly": {
      "n": 13870,
      "Sx": 6.7153343773022485,
      "Sy": -6.964482421928572,
      "Sxx": 13832.396811035782,
      "Sxy": 1258.0069798296463,
      "Syy": 15345.477235971064
    }
  },
  "cross_suff": {
    "poly_to_kalshi@-3": {
      "n": 13850,
      "Sx": 1.6294228778659061,
      "Sy": 4.3828981950917125,
      "Sxx": 13872.838609268503,
      "Sxy": 3.3458631841161517,
      "Syy": 1586.441145726536
    },
    "poly_to_kalshi@-2": {
      "n": 13851,
      "Sx": 1.6560039179447514,
      "Sy": 4.384444913951796,
      "Sxx": 13872.840741559317,
      "Sxy": 2.713635230441327,
      "Syy": 1586.4411481188754
    },
    "poly_to_kalshi@-1": {
      "n": 13851,
      "Sx": 0.9395484282560105,
      "Sy": 6.119257740244379,
      "Sxx": 13872.31100438261,
      "Sxy": 15.861535480497711,
      "Syy": 1583.43693911204
    },
    "poly_to_kalshi@0": {
      "n": 13854,
      "Sx": 0.5423906419594289,
      "Sy": 7.514253419749096,
      "Sxx": 13872.500631447674,
      "Sxy": -1405.5365979535102,
      "Syy": 15663.940167637815
    },
    "poly_to_kalshi@1": {
      "n": 13854,
      "Sx": -13.256186110923235,
      "Sy": 7.514253419749096,
      "Sxx": 13599.471283356455,
      "Sxy": 145.123949451966,
      "Syy": 15663.940167637815
    },
    "poly_to_kalshi@2": {
      "n": 13853,
      "Sx": -14.113334382066057,
      "Sy": -77.94102629381692,
      "Sxx": 13600.051834865062,
      "Sxy": 27.919504550675022,
      "Syy": 8362.7837409133
    },
    "poly_to_kalshi@3": {
      "n": 13852,
      "Sx": -13.830226277339253,
      "Sy": -77.94257301267703,
      "Sxx": 13600.097016845632,
      "Sxy": 54.46935547561209,
      "Syy": 8362.783738520962
    },
    "kalshi_to_poly@-3": {
      "n": 13765,
      "Sx": 8.288164081410986,
      "Sy": -3.916175272954675,
      "Sxx": 13894.80186174047,
      "Sxy": 25.254548930491868,
      "Syy": 15234.4616145592
    },
    "kalshi_to_poly@-2": {
      "n": 13767,
      "Sx": 8.27469440603063,
      "Sy": -7.275012556596806,
      "Sxx": 13894.802815799008,
      "Sxy": -92.38831825870373,
      "Syy": 15269.724432647872
    },
    "kalshi_to_poly@-1": {
      "n": 13770,
      "Sx": 5.496882847946175,
      "Sy": -21.68318643927016,
      "Sxx": 13890.889195619777,
      "Sxy": 506.1673137991847,
      "Syy": 15264.907177563275
    },
    "kalshi_to_poly@0": {
      "n": 13773,
      "Sx": 5.613144697060427,
      "Sy": -13.253631236403749,
      "Sxx": 13890.894672023755,
      "Sxy": 457.66859532404,
      "Syy": 15288.404414777042
    },
    "kalshi_to_poly@1": {
      "n": 13772,
      "Sx": 7.65480074265399,
      "Sy": -13.79350322610059,
      "Sxx": 13885.730339005702,
      "Sxy": 227.91546319406837,
      "Syy": 15295.665985300902
    },
    "kalshi_to_poly@2": {
      "n": 13771,
      "Sx": 7.725446472184487,
      "Sy": -34.83775149758686,
      "Sxx": 13885.733162964778,
      "Sxy": -26.369072322147844,
      "Syy": 14875.873463686195
    },
    "kalshi_to_poly@3": {
      "n": 13771,
      "Sx": 7.727868178607906,
      "Sy": -60.20705443371584,
      "Sxx": 13885.733490422506,
      "Sxy": 28.840441294817683,
      "Syy": 14727.663685585063
    }
  },
  "microprice_leadlag": {
    "mid": {
      "median_lag_ms": 200,
      "median_abs_corr": 0.462,
      "n": 2
    },
    "micro": {
      "median_lag_ms": 200,
      "median_abs_corr": 0.514,
      "n": 2
    }
  }
}