{
  "match": "Portugal vs Dr Congo",
  "capture": "20260617T162723Z-portugal-vs-dr-congo",
  "n_pairs": 2,
  "bin_ms": 1000,
  "lags_s": [
    -3,
    -2,
    -1,
    0,
    1,
    2,
    3
  ],
  "impact": {
    "kalshi": {
      "corr": 0.0877,
      "r2": 0.0077,
      "tstat": 11.12,
      "n": 15962
    },
    "poly": {
      "corr": 0.129,
      "r2": 0.0166,
      "tstat": 17.37,
      "n": 17842
    }
  },
  "impact_suff": {
    "kalshi": {
      "n": 15962,
      "Sx": 1.2789769243681803e-13,
      "Sy": -68.39019911573837,
      "Sxx": 15962.0,
      "Sxy": 1217.0386919029065,
      "Syy": 12069.065532178569
    },
    "poly": {
      "n": 17842,
      "Sx": -0.16540858460301422,
      "Sy": -5.274545717589932,
      "Sxx": 17843.976318527573,
      "Sxy": 2322.777431900464,
      "Syy": 18172.892508316312
    }
  },
  "cross_suff": {
    "poly_to_kalshi@-3": {
      "n": 17841,
      "Sx": -0.23948341964747044,
      "Sy": -168.13055065418354,
      "Sxx": 17843.970831446386,
      "Sxy": -5.570907620989727,
      "Syy": 3786.2100971733717
    },
    "poly_to_kalshi@-2": {
      "n": 17842,
      "Sx": -0.22749501133671401,
      "Sy": -168.12584951111143,
      "Sxx": 17843.97097516832,
      "Sxy": 82.87286737468146,
      "Syy": 3781.0184361192905
    },
    "poly_to_kalshi@-1": {
      "n": 17843,
      "Sx": -0.1534201762922578,
      "Sy": -168.94022276821227,
      "Sxx": 17843.976462249506,
      "Sxy": 90.86352903790728,
      "Syy": 3792.043265829926
    },
    "poly_to_kalshi@0": {
      "n": 17843,
      "Sx": -0.1534201762922578,
      "Sy": 1.7998514403126435,
      "Sxx": 17843.976462249506,
      "Sxy": 413.41776235988704,
      "Syy": 18173.404770579946
    },
    "poly_to_kalshi@1": {
      "n": 17842,
      "Sx": 1.3435817292011478,
      "Sy": -1.4271728258580083,
      "Sxx": 17842.369894453783,
      "Sxy": 623.5177566607587,
      "Syy": 18173.374451275144
    },
    "poly_to_kalshi@2": {
      "n": 17840,
      "Sx": 2.2398346653046772,
      "Sy": 0.18808006894531815,
      "Sxx": 17841.546235337377,
      "Sxy": 233.07522352787748,
      "Syy": 18175.985342046195
    },
    "poly_to_kalshi@3": {
      "n": 17838,
      "Sx": 2.4443643640873063,
      "Sy": 1.803332963748666,
      "Sxx": 17841.52191894783,
      "Sxy": -317.87543982070423,
      "Syy": 18168.212866507598
    },
    "kalshi_to_poly@-3": {
      "n": 15955,
      "Sx": -0.397510474644875,
      "Sy": -8.428555325382536,
      "Sxx": 15961.962018820737,
      "Sxy": 131.71491822653863,
      "Syy": 15375.114544422913
    },
    "kalshi_to_poly@-2": {
      "n": 15956,
      "Sx": -0.23384483503348008,
      "Sy": -54.7286690908127,
      "Sxx": 15961.988805262326,
      "Sxy": 149.25083458991335,
      "Syy": 16620.332401145635
    },
    "kalshi_to_poly@-1": {
      "n": 15958,
      "Sx": -0.17818579773008736,
      "Sy": -82.937610480157,
      "Sxx": 15961.990639628388,
      "Sxy": 1069.792155316738,
      "Syy": 16795.37803570948
    },
    "kalshi_to_poly@0": {
      "n": 15960,
      "Sx": -0.12244123040598254,
      "Sy": -32.05784565447263,
      "Sxx": 15961.992491087096,
      "Sxy": 1028.3449682771059,
      "Syy": 17474.33807038642
    },
    "kalshi_to_poly@1": {
      "n": 15960,
      "Sx": 2.7505961561437005,
      "Sy": 22.36170700755394,
      "Sxx": 15954.07528402035,
      "Sxy": 717.5383649570324,
      "Syy": 15595.081245467394
    },
    "kalshi_to_poly@2": {
      "n": 15958,
      "Sx": 7.031769395940557,
      "Sy": 66.19744889973015,
      "Sxx": 15935.331187978118,
      "Sxy": 768.3163987285553,
      "Syy": 15521.906968551557
    },
    "kalshi_to_poly@3": {
      "n": 15957,
      "Sx": 13.405344331671088,
      "Sy": 20.99044126712326,
      "Sxx": 15910.349902014297,
      "Sxy": -40.63675776568074,
      "Syy": 15181.611488820032
    }
  },
  "microprice_leadlag": {
    "mid": {
      "median_lag_ms": 800,
      "median_abs_corr": 0.213,
      "n": 2
    },
    "micro": {
      "median_lag_ms": 400,
      "median_abs_corr": 0.201,
      "n": 2
    }
  }
}