{
  "match": "Saudi Arabia vs Uruguay",
  "capture": "20260615T213253Z-saudi-arabia-vs-uruguay",
  "n_pairs": 2,
  "bin_ms": 1000,
  "lags_s": [
    -3,
    -2,
    -1,
    0,
    1,
    2,
    3
  ],
  "impact": {
    "kalshi": {
      "corr": 0.0819,
      "r2": 0.0067,
      "tstat": 10.71,
      "n": 16987
    },
    "poly": {
      "corr": 0.0545,
      "r2": 0.003,
      "tstat": 7.27,
      "n": 17719
    }
  },
  "impact_suff": {
    "kalshi": {
      "n": 16987,
      "Sx": 9.947598300641403e-14,
      "Sy": 1.2256546712843814,
      "Sxx": 16987.0,
      "Sxy": 1432.0152614669744,
      "Syy": 17988.977377472962
    },
    "poly": {
      "n": 17719,
      "Sx": -0.014227371212108153,
      "Sy": -2.352762289722463,
      "Sxx": 17720.999311286076,
      "Sxy": 973.3562977735694,
      "Syy": 17988.958777232267
    }
  },
  "cross_suff": {
    "poly_to_kalshi@-3": {
      "n": 17714,
      "Sx": 0.0829164998099543,
      "Sy": -149.0947050362737,
      "Sxx": 17720.99229341941,
      "Sxy": 20.83324460494581,
      "Syy": 6894.676304414103
    },
    "poly_to_kalshi@-2": {
      "n": 17716,
      "Sx": 0.023513015313270103,
      "Sy": -143.73498900900574,
      "Sxx": 17720.996532608457,
      "Sxy": 69.23963246877045,
      "Syy": 6900.172378937215
    },
    "poly_to_kalshi@-1": {
      "n": 17717,
      "Sx": -0.014629345726007159,
      "Sy": -147.7770431820257,
      "Sxx": 17720.997987448165,
      "Sxy": 43.46492248221413,
      "Syy": 6902.728846214416
    },
    "poly_to_kalshi@0": {
      "n": 17719,
      "Sx": -0.014227371212108153,
      "Sy": 3.8812186759504073,
      "Sxx": 17720.999311286076,
      "Sxy": 176.2084864238921,
      "Syy": 17957.89526253284
    },
    "poly_to_kalshi@1": {
      "n": 17719,
      "Sx": 0.7389287653772172,
      "Sy": 2.678928719709333,
      "Sxx": 17720.531595341177,
      "Sxy": 319.13227353647017,
      "Syy": 17971.789049819738
    },
    "poly_to_kalshi@2": {
      "n": 17717,
      "Sx": 0.8630194524972694,
      "Sy": 2.682073651155296,
      "Sxx": 17720.518383283466,
      "Sxy": 68.41174983554289,
      "Syy": 17978.355430746073
    },
    "poly_to_kalshi@3": {
      "n": 17715,
      "Sx": 0.895307987799498,
      "Sy": -0.8742074417509933,
      "Sxx": 17720.517240285066,
      "Sxy": 100.73858565215303,
      "Syy": 17983.131286702708
    },
    "kalshi_to_poly@-3": {
      "n": 16981,
      "Sx": -0.047693767759952266,
      "Sy": -5.023008026575823,
      "Sxx": 16986.98952155965,
      "Sxy": 116.57333421011583,
      "Syy": 17663.039969252175
    },
    "kalshi_to_poly@-2": {
      "n": 16983,
      "Sx": -0.10990126497822672,
      "Sy": -12.431958299841561,
      "Sxx": 16986.991758085183,
      "Sxy": 77.54260975915525,
      "Syy": 17710.019917337595
    },
    "kalshi_to_poly@-1": {
      "n": 16985,
      "Sx": -0.03381884836692706,
      "Sy": 14.724103149738639,
      "Sxx": 16986.997451997795,
      "Sxy": 580.1607633430671,
      "Syy": 17608.433991822203
    },
    "kalshi_to_poly@0": {
      "n": 16987,
      "Sx": 9.947598300641403e-14,
      "Sy": 1.5688331466223993,
      "Sxx": 16987.0,
      "Sxy": 531.7076939539035,
      "Syy": 17423.578861321213
    },
    "kalshi_to_poly@1": {
      "n": 16985,
      "Sx": -0.011134856103453217,
      "Sy": -16.650576991316132,
      "Sxx": 16986.995393812118,
      "Sxy": 409.38577092297476,
      "Syy": 17483.487573494924
    },
    "kalshi_to_poly@2": {
      "n": 16983,
      "Sx": -0.007930650331132938,
      "Sy": -1.6544862182492253,
      "Sxx": 16986.986039053176,
      "Sxy": 649.4808684221501,
      "Syy": 17710.588925231863
    },
    "kalshi_to_poly@3": {
      "n": 16981,
      "Sx": -0.04369763202858934,
      "Sy": 44.35248005369356,
      "Sxx": 16986.983817463653,
      "Sxy": 465.40292430059446,
      "Syy": 10137.66717228146
    }
  },
  "microprice_leadlag": {
    "mid": {
      "median_lag_ms": 400,
      "median_abs_corr": 0.486,
      "n": 2
    },
    "micro": {
      "median_lag_ms": 400,
      "median_abs_corr": 0.499,
      "n": 2
    }
  }
}