{
  "match": "Scotland vs Morocco",
  "capture": "20260619T213423Z-scotland-vs-morocco",
  "n_pairs": 2,
  "bin_ms": 1000,
  "lags_s": [
    -3,
    -2,
    -1,
    0,
    1,
    2,
    3
  ],
  "impact": {
    "kalshi": {
      "corr": 0.0964,
      "r2": 0.0093,
      "tstat": 10.93,
      "n": 12718
    },
    "poly": {
      "corr": 0.0711,
      "r2": 0.0051,
      "tstat": 8.91,
      "n": 15629
    }
  },
  "impact_suff": {
    "kalshi": {
      "n": 12718,
      "Sx": -7.105427357601002e-14,
      "Sy": 2.18849196321581,
      "Sxx": 12718.0,
      "Sxy": 561.3847756809718,
      "Syy": 2664.4895650480426
    },
    "poly": {
      "n": 15629,
      "Sx": -0.6712846601217777,
      "Sy": -10.129048595264624,
      "Sxx": 15631.552995760772,
      "Sxy": 1162.5872675384846,
      "Syy": 17116.570094704846
    }
  },
  "cross_suff": {
    "poly_to_kalshi@-3": {
      "n": 15624,
      "Sx": -0.9992356324536367,
      "Sy": -4.374547431731898,
      "Sxx": 15631.51165495003,
      "Sxy": 24.517615910846484,
      "Syy": 2659.424097405314
    },
    "poly_to_kalshi@-2": {
      "n": 15626,
      "Sx": -1.0109245884478675,
      "Sy": -5.983502712933358,
      "Sxx": 15631.517927670073,
      "Sxy": 20.245528920825667,
      "Syy": 2661.9889657124154
    },
    "poly_to_kalshi@-1": {
      "n": 15628,
      "Sx": -0.8912015149611818,
      "Sy": -4.385938745500354,
      "Sxx": 15631.526184894137,
      "Sxy": 17.872575004423833,
      "Syy": 2664.5650974851615
    },
    "poly_to_kalshi@0": {
      "n": 15630,
      "Sx": -0.6599085183673807,
      "Sy": 6.572972790700405,
      "Sxx": 15631.553125177374,
      "Sxy": -8264.936645551395,
      "Syy": 17119.943061146587
    },
    "poly_to_kalshi@1": {
      "n": 15630,
      "Sx": 23.925976799089625,
      "Sy": 6.572972790700405,
      "Sxx": 10635.947895281297,
      "Sxy": 180.37503439579524,
      "Syy": 17119.943061146587
    },
    "poly_to_kalshi@2": {
      "n": 15628,
      "Sx": 23.88217367859385,
      "Sy": 11.609954536558213,
      "Sxx": 10635.946714355747,
      "Sxy": 34.30457577646443,
      "Syy": 17111.456412820036
    },
    "poly_to_kalshi@3": {
      "n": 15626,
      "Sx": 23.884368269818133,
      "Sy": 6.5843641044688255,
      "Sxx": 10635.946400774352,
      "Sxy": -34.51805732016054,
      "Syy": 17119.942943912672
    },
    "kalshi_to_poly@-3": {
      "n": 12710,
      "Sx": -0.08884465823290455,
      "Sy": -18.09836947031986,
      "Sxx": 12717.997894681583,
      "Sxy": 42.80016807563838,
      "Syy": 13560.869813147801
    },
    "kalshi_to_poly@-2": {
      "n": 12711,
      "Sx": -0.06954822598027022,
      "Sy": -52.25505142371999,
      "Sxx": 12717.998256464452,
      "Sxy": 120.47552338346436,
      "Syy": 11706.066347800162
    },
    "kalshi_to_poly@-1": {
      "n": 12713,
      "Sx": -0.06787643293789891,
      "Sy": -19.831953344434687,
      "Sxx": 12717.998472715404,
      "Sxy": 443.43756144403994,
      "Syy": 14948.04056424525
    },
    "kalshi_to_poly@0": {
      "n": 12716,
      "Sx": -0.03381733565933587,
      "Sy": -0.48439697764022327,
      "Sxx": 12717.999414712325,
      "Sxy": 557.77934393556,
      "Syy": 11314.953185762151
    },
    "kalshi_to_poly@1": {
      "n": 12716,
      "Sx": -0.05848856355160592,
      "Sy": 73.49010694839275,
      "Sxx": 12717.998099835619,
      "Sxy": 226.45556584059537,
      "Syy": 11292.11600550437
    },
    "kalshi_to_poly@2": {
      "n": 12714,
      "Sx": -0.3593242298611017,
      "Sy": 11.056296633300782,
      "Sxx": 12717.910087900353,
      "Sxy": 269.4724820660583,
      "Syy": 14038.542462135283
    },
    "kalshi_to_poly@3": {
      "n": 12713,
      "Sx": -10.095220537663437,
      "Sy": 35.97796604247617,
      "Sxx": 12623.122410984073,
      "Sxy": 330.14702212813387,
      "Syy": 13581.598888938448
    }
  },
  "microprice_leadlag": {
    "mid": {
      "median_lag_ms": 1200,
      "median_abs_corr": 0.275,
      "n": 2
    },
    "micro": {
      "median_lag_ms": 200,
      "median_abs_corr": 0.209,
      "n": 2
    }
  }
}