{
  "match": "Spain vs Saudi Arabia",
  "capture": "20260621T152835Z-spain-vs-saudi-arabia",
  "n_pairs": 2,
  "bin_ms": 1000,
  "lags_s": [
    -3,
    -2,
    -1,
    0,
    1,
    2,
    3
  ],
  "impact": {
    "kalshi": {
      "corr": 0.0077,
      "r2": 0.0001,
      "tstat": 0.72,
      "n": 8747
    },
    "poly": {
      "corr": 0.2171,
      "r2": 0.0471,
      "tstat": 19.34,
      "n": 7566
    }
  },
  "impact_suff": {
    "kalshi": {
      "n": 8747,
      "Sx": -7.105427357601002e-15,
      "Sy": -66.43430773636749,
      "Sxx": 8747.0,
      "Sxy": 56.560309763756464,
      "Syy": 6184.664815614151
    },
    "poly": {
      "n": 7566,
      "Sx": 1.9150724962838233,
      "Sy": 16.10695737367954,
      "Sxx": 7569.363130097059,
      "Sxy": 1821.2404303605604,
      "Syy": 9298.079748896498
    }
  },
  "cross_suff": {
    "poly_to_kalshi@-3": {
      "n": 7567,
      "Sx": -13.330640849286858,
      "Sy": 19.64974037565308,
      "Sxx": 7396.746087580717,
      "Sxy": 1.4139419754581162,
      "Syy": 53.94555337394756
    },
    "poly_to_kalshi@-2": {
      "n": 7568,
      "Sx": -13.387961585676994,
      "Sy": 19.659597272174977,
      "Sxx": 7396.749373247538,
      "Sxy": 2.2691039428024156,
      "Syy": 53.9456505323566
    },
    "poly_to_kalshi@-1": {
      "n": 7569,
      "Sx": -13.356726718720939,
      "Sy": 19.66945416869686,
      "Sxx": 7396.7503488644525,
      "Sxy": 2.4591968697760977,
      "Syy": 53.94574769076564
    },
    "poly_to_kalshi@0": {
      "n": 7571,
      "Sx": -0.023927070111600557,
      "Sy": 4.34925048311371,
      "Sxx": 7572.999619832198,
      "Sxy": -535.1629744484565,
      "Syy": 10150.599209425125
    },
    "poly_to_kalshi@1": {
      "n": 7571,
      "Sx": 8.567316670344471,
      "Sy": 82.65666083717075,
      "Sxx": 7499.849443883401,
      "Sxy": 41.606483721168374,
      "Syy": 4020.092429147959
    },
    "poly_to_kalshi@2": {
      "n": 7570,
      "Sx": 8.548500564201863,
      "Sy": 4.364148402476761,
      "Sxx": 7499.849089837551,
      "Sxy": 53.711235964664255,
      "Syy": 10150.598987477124
    },
    "poly_to_kalshi@3": {
      "n": 7568,
      "Sx": 8.542727392776296,
      "Sy": 82.67659977937497,
      "Sxx": 7499.848565673556,
      "Sxy": 1.651463654861381,
      "Syy": 4020.0918880935474
    },
    "kalshi_to_poly@-3": {
      "n": 8203,
      "Sx": -0.2329197374929386,
      "Sy": 24.394013864019477,
      "Sxx": 8683.573233720781,
      "Sxy": -106.12918313245419,
      "Syy": 9194.954467323825
    },
    "kalshi_to_poly@-2": {
      "n": 8204,
      "Sx": -0.40529214078328124,
      "Sy": 34.35449085131033,
      "Sxx": 8683.67503214761,
      "Sxy": 214.46711702167892,
      "Syy": 9253.846779053165
    },
    "kalshi_to_poly@-1": {
      "n": 8207,
      "Sx": 1.6426939424855043,
      "Sy": 17.334884817101617,
      "Sxx": 8679.4961768434,
      "Sxy": 468.8672780743081,
      "Syy": 9228.112191163425
    },
    "kalshi_to_poly@0": {
      "n": 8205,
      "Sx": 1.816730754636989,
      "Sy": 13.494259578183538,
      "Sxx": 8679.48037298979,
      "Sxy": 334.917967109633,
      "Syy": 9214.57039782323
    },
    "kalshi_to_poly@1": {
      "n": 8206,
      "Sx": 3.878021499864122,
      "Sy": 18.962063674394923,
      "Sxx": 8675.424682519188,
      "Sxy": -239.3535509703189,
      "Syy": 9262.862438308955
    },
    "kalshi_to_poly@2": {
      "n": 8206,
      "Sx": 3.8726896317570727,
      "Sy": 31.128114888932704,
      "Sxx": 8675.424426693173,
      "Sxy": 30.69737222462918,
      "Syy": 9071.466979675846
    },
    "kalshi_to_poly@3": {
      "n": 8205,
      "Sx": 3.850299106461609,
      "Sy": 28.267710174396484,
      "Sxx": 8675.423941527535,
      "Sxy": 79.65139419514476,
      "Syy": 9127.901883035402
    }
  },
  "microprice_leadlag": {
    "mid": {
      "median_lag_ms": 1400,
      "median_abs_corr": 0.296,
      "n": 2
    },
    "micro": {
      "median_lag_ms": 600,
      "median_abs_corr": 0.105,
      "n": 2
    }
  }
}