{
  "match": "Sweden vs Tunisia",
  "capture": "20260615T012609Z-sweden-vs-tunisia",
  "n_pairs": 2,
  "bin_ms": 1000,
  "lags_s": [
    -3,
    -2,
    -1,
    0,
    1,
    2,
    3
  ],
  "impact": {
    "kalshi": {
      "corr": 0.0534,
      "r2": 0.0028,
      "tstat": 6.58,
      "n": 15184
    },
    "poly": {
      "corr": 0.0727,
      "r2": 0.0053,
      "tstat": 9.35,
      "n": 16478
    }
  },
  "impact_suff": {
    "kalshi": {
      "n": 15184,
      "Sx": -0.026024866642579525,
      "Sy": -79.16037225624659,
      "Sxx": 15184.999322706317,
      "Sxy": 623.4096497601357,
      "Syy": 8990.02324836494
    },
    "poly": {
      "n": 16478,
      "Sx": 0.47544947716326647,
      "Sy": -0.051901138607412634,
      "Sxx": 16479.761005391505,
      "Sxy": 1199.0032707537841,
      "Syy": 16511.99035926949
    }
  },
  "cross_suff": {
    "poly_to_kalshi@-3": {
      "n": 16465,
      "Sx": 1.116491547428268,
      "Sy": -7.804020004516133,
      "Sxx": 16479.591671380043,
      "Sxy": -8.643578596964993,
      "Syy": 2787.921580075853
    },
    "poly_to_kalshi@-2": {
      "n": 16467,
      "Sx": 1.0623509880828763,
      "Sy": -7.810164325416196,
      "Sxx": 16479.58927820736,
      "Sxy": 8.811469799761976,
      "Syy": 2787.9216240710657
    },
    "poly_to_kalshi@-1": {
      "n": 16469,
      "Sx": 0.5032118982010587,
      "Sy": -7.816308646316287,
      "Sxx": 16479.756151615937,
      "Sxy": 28.64706779751599,
      "Syy": 2787.921668066279
    },
    "poly_to_kalshi@0": {
      "n": 16471,
      "Sx": 0.7908045385596125,
      "Sy": 1.7096232939307043,
      "Sxx": 16479.64809575158,
      "Sxy": -277.4712984972146,
      "Syy": 16502.469403853742
    },
    "poly_to_kalshi@1": {
      "n": 16471,
      "Sx": 4.055680883395041,
      "Sy": 0.11862917351035662,
      "Sxx": 16465.117532096836,
      "Sxy": 83.85941808151897,
      "Syy": 16504.99916498122
    },
    "poly_to_kalshi@2": {
      "n": 16469,
      "Sx": 4.055130822632421,
      "Sy": 0.12477349441041952,
      "Sxx": 16465.117410316125,
      "Sxy": 19.267313771849032,
      "Syy": 16504.99912098601
    },
    "poly_to_kalshi@3": {
      "n": 16467,
      "Sx": 4.072932902445274,
      "Sy": 1.8823378375636892,
      "Sxx": 16465.11669083085,
      "Sxy": 19.442577590936278,
      "Syy": 16501.908429791445
    },
    "kalshi_to_poly@-3": {
      "n": 15180,
      "Sx": 0.18265989486445733,
      "Sy": -3.804503484658742,
      "Sxx": 15184.971701536786,
      "Sxy": -125.31046512138562,
      "Syy": 16299.245436176418
    },
    "kalshi_to_poly@-2": {
      "n": 15182,
      "Sx": 0.007997939369417395,
      "Sy": -17.96263538743486,
      "Sxx": 15184.999254034985,
      "Sxy": 19.905679797480566,
      "Syy": 16293.090540791394
    },
    "kalshi_to_poly@-1": {
      "n": 15184,
      "Sx": 0.017849737262302767,
      "Sy": -37.41710641134421,
      "Sxx": 15184.99968138688,
      "Sxy": 527.3715521843487,
      "Syy": 13935.079482473893
    },
    "kalshi_to_poly@0": {
      "n": 15185,
      "Sx": 7.105427357601002e-15,
      "Sy": -0.31027443701858815,
      "Sxx": 15185.000000000002,
      "Sxy": 496.11866767422896,
      "Syy": 16307.350202145906
    },
    "kalshi_to_poly@1": {
      "n": 15184,
      "Sx": -0.12392856978916456,
      "Sy": -29.658275928622132,
      "Sxx": 15184.984641709592,
      "Sxy": 302.89579843182514,
      "Syy": 16243.593526795477
    },
    "kalshi_to_poly@2": {
      "n": 15182,
      "Sx": -1.4547771050418064,
      "Sy": -38.43274767645737,
      "Sxx": 15180.481675966741,
      "Sxy": 378.4492122099505,
      "Syy": 16258.3910790524
    },
    "kalshi_to_poly@3": {
      "n": 15181,
      "Sx": -1.5669721051445933,
      "Sy": -35.4197484784212,
      "Sxx": 15180.46908824869,
      "Sxy": 99.5417722187714,
      "Syy": 16053.648596959163
    }
  },
  "microprice_leadlag": {
    "mid": {
      "median_lag_ms": 0,
      "median_abs_corr": 0.445,
      "n": 2
    },
    "micro": {
      "median_lag_ms": 0,
      "median_abs_corr": 0.425,
      "n": 2
    }
  }
}