{
  "match": "Switzerland vs Bosnia Herzegovina",
  "capture": "20260618T183109Z-switzerland-vs-bosnia-herzegovina",
  "n_pairs": 2,
  "bin_ms": 1000,
  "lags_s": [
    -3,
    -2,
    -1,
    0,
    1,
    2,
    3
  ],
  "impact": {
    "kalshi": {
      "corr": 0.0498,
      "r2": 0.0025,
      "tstat": 5.52,
      "n": 12277
    },
    "poly": {
      "corr": 0.0468,
      "r2": 0.0022,
      "tstat": 5.78,
      "n": 15200
    }
  },
  "impact_suff": {
    "kalshi": {
      "n": 12277,
      "Sx": -0.0008830581461509723,
      "Sy": 10.808252769354851,
      "Sxx": 12277.99999922021,
      "Sxy": 701.969704031465,
      "Syy": 16212.876414879891
    },
    "poly": {
      "n": 15200,
      "Sx": -3.002531165903555,
      "Sy": -5.83339411163265,
      "Sxx": 15194.018881918331,
      "Sxy": 732.1340667613424,
      "Syy": 16085.794479315357
    }
  },
  "cross_suff": {
    "poly_to_kalshi@-3": {
      "n": 15195,
      "Sx": 0.06153807273846823,
      "Sy": -16.850080075262923,
      "Sxx": 15202.994158419498,
      "Sxy": 21.471047317673253,
      "Syy": 3776.919012982537
    },
    "poly_to_kalshi@-2": {
      "n": 15197,
      "Sx": 0.06724199355695504,
      "Sy": -17.52564284104473,
      "Sxx": 15202.994302964285,
      "Sxy": 67.22322009219285,
      "Syy": 3777.1965554183744
    },
    "poly_to_kalshi@-1": {
      "n": 15199,
      "Sx": 0.07248617151007686,
      "Sy": -18.930680318761873,
      "Sxx": 15202.994437734244,
      "Sxy": 57.66815089373486,
      "Syy": 3772.9241970603725
    },
    "poly_to_kalshi@0": {
      "n": 15201,
      "Sx": -0.005703920818426411,
      "Sy": 1.9172986273483543,
      "Sxx": 15202.999855455215,
      "Sxy": 107.27659685413599,
      "Syy": 16211.000702745845
    },
    "poly_to_kalshi@1": {
      "n": 15201,
      "Sx": 0.23362032405896294,
      "Sy": 0.1530555035714114,
      "Sxx": 15202.946664655197,
      "Sxy": 78.59879772841154,
      "Syy": 16207.915143190923
    },
    "poly_to_kalshi@2": {
      "n": 15199,
      "Sx": 0.23469194465964627,
      "Sy": 5.086579228842451,
      "Sxx": 15202.946621375686,
      "Sxy": 57.468066082733074,
      "Syy": 16209.82563824786
    },
    "poly_to_kalshi@3": {
      "n": 15197,
      "Sx": 0.326710093147188,
      "Sy": 4.727373582782638,
      "Sxx": 15202.939049873643,
      "Sxy": 18.9880004295739,
      "Syy": 16204.78732945135
    },
    "kalshi_to_poly@-3": {
      "n": 12177,
      "Sx": -7.2292640593075745,
      "Sy": -34.136181315904985,
      "Sxx": 12252.550389131058,
      "Sxy": -0.7014123925613163,
      "Syy": 6171.6205986809855
    },
    "kalshi_to_poly@-2": {
      "n": 12178,
      "Sx": -7.199724540134742,
      "Sy": -42.307745858828895,
      "Sxx": 12252.551180313716,
      "Sxy": -7.696928834845309,
      "Syy": 13768.899728459171
    },
    "kalshi_to_poly@-1": {
      "n": 12178,
      "Sx": -8.320936996507296,
      "Sy": 69.19971091206747,
      "Sxx": 12251.225041749592,
      "Sxy": 297.36526354000415,
      "Syy": 14579.363310384077
    },
    "kalshi_to_poly@0": {
      "n": 12179,
      "Sx": -8.333335792826666,
      "Sy": -77.00552021873945,
      "Sxx": 12251.223507138799,
      "Sxy": 314.43954198457,
      "Syy": 6090.868230435453
    },
    "kalshi_to_poly@1": {
      "n": 12179,
      "Sx": -8.326646824273745,
      "Sy": 48.50875412177459,
      "Sxx": 12251.223418988982,
      "Sxy": 152.58429905500458,
      "Syy": 13677.011197461974
    },
    "kalshi_to_poly@2": {
      "n": 12179,
      "Sx": -8.744034879867066,
      "Sy": 49.21255111840993,
      "Sxx": 12251.013857645341,
      "Sxy": 100.9052861780508,
      "Syy": 5513.6811461295865
    },
    "kalshi_to_poly@3": {
      "n": 12177,
      "Sx": -9.393506076133548,
      "Sy": -43.40567859124645,
      "Sxx": 12250.619037753477,
      "Sxy": 151.91702008770756,
      "Syy": 13516.510105467572
    }
  },
  "microprice_leadlag": {
    "mid": {
      "median_lag_ms": 1200,
      "median_abs_corr": 0.646,
      "n": 2
    },
    "micro": {
      "median_lag_ms": 1200,
      "median_abs_corr": 0.641,
      "n": 2
    }
  }
}