{
  "match": "Tunisia vs Japan",
  "capture": "20260621T033229Z-tunisia-vs-japan",
  "n_pairs": 2,
  "bin_ms": 1000,
  "lags_s": [
    -3,
    -2,
    -1,
    0,
    1,
    2,
    3
  ],
  "impact": {
    "kalshi": {
      "corr": 0.082,
      "r2": 0.0067,
      "tstat": 9.03,
      "n": 12037
    },
    "poly": {
      "corr": 0.0777,
      "r2": 0.006,
      "tstat": 8.92,
      "n": 13111
    }
  },
  "impact_suff": {
    "kalshi": {
      "n": 12037,
      "Sx": -0.05017010822296797,
      "Sy": 15.175461792841219,
      "Sxx": 12040.999148938441,
      "Sxy": 264.24109460272797,
      "Syy": 861.9148935038248
    },
    "poly": {
      "n": 13111,
      "Sx": 1.026049274468967,
      "Sy": -6.31497703926328,
      "Sxx": 13112.122410744276,
      "Sxy": 1069.6260885306624,
      "Syy": 14452.472889565355
    }
  },
  "cross_suff": {
    "poly_to_kalshi@-3": {
      "n": 13097,
      "Sx": 1.0232823902530086,
      "Sy": 5.592596125589097,
      "Sxx": 13112.118949059663,
      "Sxy": 4.285218850104212,
      "Syy": 862.0074157317963
    },
    "poly_to_kalshi@-2": {
      "n": 13099,
      "Sx": 1.0478289483557859,
      "Sy": 5.587241741960895,
      "Sxx": 13112.120644392558,
      "Sxy": 2.034599171089833,
      "Syy": 862.0075221595013
    },
    "poly_to_kalshi@-1": {
      "n": 13101,
      "Sx": 1.0328251619883133,
      "Sy": 5.581887358332679,
      "Sxx": 13112.122043346957,
      "Sxy": 8.70423445602701,
      "Syy": 862.0076285872063
    },
    "poly_to_kalshi@0": {
      "n": 13104,
      "Sx": 1.039693432837879,
      "Sy": 6.161916082360598,
      "Sxx": 13112.12238375376,
      "Sxy": -1372.3050475898037,
      "Syy": 14444.914869809996
    },
    "poly_to_kalshi@1": {
      "n": 13104,
      "Sx": 16.99277731367764,
      "Sy": 6.161916082360598,
      "Sxx": 12824.140037197612,
      "Sxy": 35.35688452996324,
      "Syy": 14444.914869809996
    },
    "poly_to_kalshi@2": {
      "n": 13102,
      "Sx": 17.10617700837214,
      "Sy": 6.167270465988814,
      "Sxx": 12824.124167327427,
      "Sxy": 10.412699057507739,
      "Syy": 14444.91476338229
    },
    "poly_to_kalshi@3": {
      "n": 13099,
      "Sx": 16.90829971470809,
      "Sy": 4.5110987557713145,
      "Sxx": 12824.09081195796,
      "Sxy": -1.3933562752837183,
      "Syy": 14442.153987994057
    },
    "kalshi_to_poly@-3": {
      "n": 12033,
      "Sx": -0.00047356101341833323,
      "Sy": -33.919403467631994,
      "Sxx": 12040.996171448693,
      "Sxy": -96.20449023035088,
      "Syy": 13295.310450162935
    },
    "kalshi_to_poly@-2": {
      "n": 12035,
      "Sx": 0.021580824901981543,
      "Sy": -60.81115686699456,
      "Sxx": 12040.996430047506,
      "Sxy": -11.182276416051701,
      "Syy": 11301.489714370022
    },
    "kalshi_to_poly@-1": {
      "n": 12037,
      "Sx": -0.029117172988843976,
      "Sy": 22.882497821086858,
      "Sxx": 12040.999489025688,
      "Sxy": 94.85062199405823,
      "Syy": 13469.096874943183
    },
    "kalshi_to_poly@0": {
      "n": 12039,
      "Sx": -0.02545478732751505,
      "Sy": 12.327230447755248,
      "Sxx": 12040.999498520363,
      "Sxy": 150.7108058811681,
      "Syy": 8616.77902685655
    },
    "kalshi_to_poly@1": {
      "n": 12041,
      "Sx": 7.105427357601002e-15,
      "Sy": -72.85585048720208,
      "Sxx": 12041.000000000004,
      "Sxy": 87.86960672390336,
      "Syy": 12638.200610650118
    },
    "kalshi_to_poly@2": {
      "n": 12040,
      "Sx": -0.014752444118990127,
      "Sy": -30.678038727426404,
      "Sxx": 12040.999782365396,
      "Sxy": 251.6065274221299,
      "Syy": 11159.596064107358
    },
    "kalshi_to_poly@3": {
      "n": 12040,
      "Sx": -0.014752444118990127,
      "Sy": -66.13604838467424,
      "Sxx": 12040.999782365396,
      "Sxy": 313.66982558662863,
      "Syy": 13090.434474883745
    }
  },
  "microprice_leadlag": {
    "mid": {
      "median_lag_ms": 600,
      "median_abs_corr": 0.355,
      "n": 2
    },
    "micro": {
      "median_lag_ms": 1200,
      "median_abs_corr": 0.29,
      "n": 2
    }
  }
}