{
  "match": "Uzbekistan vs Colombia",
  "capture": "20260618T013525Z-uzbekistan-vs-colombia",
  "n_pairs": 2,
  "bin_ms": 1000,
  "lags_s": [
    -3,
    -2,
    -1,
    0,
    1,
    2,
    3
  ],
  "impact": {
    "kalshi": {
      "corr": 0.0392,
      "r2": 0.0015,
      "tstat": 5.01,
      "n": 16299
    },
    "poly": {
      "corr": 0.1117,
      "r2": 0.0125,
      "tstat": 14.39,
      "n": 16404
    }
  },
  "impact_suff": {
    "kalshi": {
      "n": 16299,
      "Sx": -0.0019014248987438975,
      "Sy": -162.55270077649783,
      "Sxx": 16300.999740696057,
      "Sxy": 460.97504812833483,
      "Syy": 8486.480132803053
    },
    "poly": {
      "n": 16404,
      "Sx": -0.1311259129021245,
      "Sy": -1.9562943325590076,
      "Sxx": 16407.9926989303,
      "Sxy": 1854.722018300887,
      "Syy": 16812.979487161007
    }
  },
  "cross_suff": {
    "poly_to_kalshi@-3": {
      "n": 16401,
      "Sx": -0.05632947919328757,
      "Sy": -11.815471899090042,
      "Sxx": 16407.995764728912,
      "Sxy": -8.00760583824381,
      "Syy": 10256.511563073376
    },
    "poly_to_kalshi@-2": {
      "n": 16403,
      "Sx": -0.0594017150124877,
      "Sy": -11.819199139379378,
      "Sxx": 16407.996029035738,
      "Sxy": 6.355999824657728,
      "Syy": 10256.511612024678
    },
    "poly_to_kalshi@-1": {
      "n": 16404,
      "Sx": -0.06648059736560441,
      "Sy": -10.527805960781592,
      "Sxx": 16407.996079146313,
      "Sxy": 0.9742467568994753,
      "Syy": 10254.834324076566
    },
    "poly_to_kalshi@0": {
      "n": 16406,
      "Sx": -0.06952358134083525,
      "Sy": 1.9943057568245202,
      "Sxx": 16407.996342697614,
      "Sxy": 113.3350564338279,
      "Syy": 16821.985274474624
    },
    "poly_to_kalshi@1": {
      "n": 16406,
      "Sx": 0.02763882904387671,
      "Sy": 3.282979699263816,
      "Sxx": 16407.99961737648,
      "Sxy": 122.18582268632414,
      "Syy": 16820.307979132267
    },
    "poly_to_kalshi@2": {
      "n": 16404,
      "Sx": 0.03039121623332619,
      "Sy": 2.2562977178951904,
      "Sxx": 16407.99936123789,
      "Sxy": 32.914629474439295,
      "Syy": 16819.24058316485
    },
    "poly_to_kalshi@3": {
      "n": 16402,
      "Sx": -0.13545783324334337,
      "Sy": -0.05905820591270583,
      "Sxx": 16407.97493043761,
      "Sxy": 37.8310823782988,
      "Syy": 16819.850482539805
    },
    "kalshi_to_poly@-3": {
      "n": 16286,
      "Sx": -0.3044210874606055,
      "Sy": 0.032597558807928806,
      "Sxx": 16300.960522408644,
      "Sxy": -64.2216955834264,
      "Syy": 16787.63811864626
    },
    "kalshi_to_poly@-2": {
      "n": 16287,
      "Sx": -0.3142559699506524,
      "Sy": 1.653192069153274,
      "Sxx": 16300.96060532668,
      "Sxy": 121.48299145366623,
      "Syy": 16771.577494379802
    },
    "kalshi_to_poly@-1": {
      "n": 16289,
      "Sx": -0.3540706157740523,
      "Sy": 2.9441224123700245,
      "Sxx": 16300.96041314979,
      "Sxy": 592.2984947034182,
      "Syy": 16795.68182350727
    },
    "kalshi_to_poly@0": {
      "n": 16291,
      "Sx": -0.16333659538823575,
      "Sy": -7.673471229742265,
      "Sxx": 16300.988975543589,
      "Sxy": 508.771453639999,
      "Syy": 16756.824109520316
    },
    "kalshi_to_poly@1": {
      "n": 16291,
      "Sx": -0.22283554528009475,
      "Sy": 8.173002154090716,
      "Sxx": 16300.986272089496,
      "Sxy": 237.39226194906686,
      "Syy": 16742.536210403538
    },
    "kalshi_to_poly@2": {
      "n": 16289,
      "Sx": -0.6984412669611952,
      "Sy": 3.6828799494538753,
      "Sxx": 16300.517980460907,
      "Sxy": 219.4175394554402,
      "Syy": 16776.931776030717
    },
    "kalshi_to_poly@3": {
      "n": 16287,
      "Sx": -1.3343448335841686,
      "Sy": -0.9727459971015975,
      "Sxx": 16300.19595747201,
      "Sxy": 119.11832385302141,
      "Syy": 16761.19841504687
    }
  },
  "microprice_leadlag": {
    "mid": {
      "median_lag_ms": 800,
      "median_abs_corr": 0.298,
      "n": 2
    },
    "micro": {
      "median_lag_ms": 400,
      "median_abs_corr": 0.375,
      "n": 2
    }
  }
}